[{"model": "contenttypes.contenttype", "pk": 1, "fields": {"app_label": "admin", "model": "logentry"}}, {"model": "contenttypes.contenttype", "pk": 2, "fields": {"app_label": "auth", "model": "permission"}}, {"model": "contenttypes.contenttype", "pk": 3, "fields": {"app_label": "auth", "model": "group"}}, {"model": "contenttypes.contenttype", "pk": 4, "fields": {"app_label": "auth", "model": "user"}}, {"model": "contenttypes.contenttype", "pk": 5, "fields": {"app_label": "contenttypes", "model": "contenttype"}}, {"model": "contenttypes.contenttype", "pk": 6, "fields": {"app_label": "sessions", "model": "session"}}, {"model": "contenttypes.contenttype", "pk": 7, "fields": {"app_label": "odontology", "model": "dentist"}}, {"model": "contenttypes.contenttype", "pk": 8, "fields": {"app_label": "odontology", "model": "course"}}, {"model": "contenttypes.contenttype", "pk": 9, "fields": {"app_label": "odontology", "model": "tooth"}}, {"model": "contenttypes.contenttype", "pk": 10, "fields": {"app_label": "odontology", "model": "toothdivision"}}, {"model": "contenttypes.contenttype", "pk": 11, "fields": {"app_label": "odontology", "model": "patient"}}, {"model": "contenttypes.contenttype", "pk": 12, "fields": {"app_label": "odontology", "model": "address"}}, {"model": "contenttypes.contenttype", "pk": 13, "fields": {"app_label": "odontology", "model": "patienttooth"}}, {"model": "contenttypes.contenttype", "pk": 14, "fields": {"app_label": "odontology", "model": "proceduredental"}}, {"model": "contenttypes.contenttype", "pk": 15, "fields": {"app_label": "odontology", "model": "oralprocedure"}}, {"model": "contenttypes.contenttype", "pk": 16, "fields": {"app_label": "odontology", "model": "consultation"}}, {"model": "contenttypes.contenttype", "pk": 17, "fields": {"app_label": "odontology", "model": "patientdentalprocedure"}}, {"model": "contenttypes.contenttype", "pk": 18, "fields": {"app_label": "odontology", "model": "oralpatientprocedure"}}, {"model": "contenttypes.contenttype", "pk": 19, "fields": {"app_label": "odontology", "model": "exams"}}, {"model": "contenttypes.contenttype", "pk": 20, "fields": {"app_label": "odontology", "model": "examinationsolicitation"}}, {"model": "sessions.session", "pk": "0mnsda266l1t5bq1fsx7a31dikestbfk", "fields": {"session_data": "YTc3MDljZDNjNWI4YzcyMDdlYjg0YTRkZWRhNDNiZTM1YTBlNjdjYTp7Il9hdXRoX3VzZXJfaGFzaCI6IjZmNGRkYTY1MGI5MmY3ZDVlYzU5MGNjMmNlOGRhNmFmZTUyM2JlNTciLCJfYXV0aF91c2VyX2lkIjoiMiIsIl9hdXRoX3VzZXJfYmFja2VuZCI6ImRqYW5nby5jb250cmliLmF1dGguYmFja2VuZHMuTW9kZWxCYWNrZW5kIn0=", "expire_date": "2016-02-19T19:20:44.048Z"}}, {"model": "sessions.session", "pk": "98jih5doyof16rhdkav6d6awldmj1h4t", "fields": {"session_data": "YWM4ZGUzMDkzZTkwMTg3ZjA4NTA2NGQ3NjBjZWYyYmJmYjkwNzg1ODp7Il9hdXRoX3VzZXJfaGFzaCI6IjZmNGRkYTY1MGI5MmY3ZDVlYzU5MGNjMmNlOGRhNmFmZTUyM2JlNTciLCJfYXV0aF91c2VyX2JhY2tlbmQiOiJkamFuZ28uY29udHJpYi5hdXRoLmJhY2tlbmRzLk1vZGVsQmFja2VuZCIsIl9hdXRoX3VzZXJfaWQiOiIyIn0=", "expire_date": "2016-04-12T20:04:21.711Z"}}, {"model": "sessions.session", "pk": "99hi9lhd937y82y5u5vhm6ojck6m3zjb", "fields": {"session_data": "MjRiY2EwMjY4MWEwMmJlMzg4MTc1MTllYzVlZmY0MWRhOTUxMjk0NTp7Il9hdXRoX3VzZXJfYmFja2VuZCI6ImRqYW5nby5jb250cmliLmF1dGguYmFja2VuZHMuTW9kZWxCYWNrZW5kIiwiX2F1dGhfdXNlcl9oYXNoIjoiNzIyNWI0YjU3MzhkMGYxOGY1OGViZTM3ZTFhMzdlYjAyODc1ZTEwMCIsIl9hdXRoX3VzZXJfaWQiOiIyIn0=", "expire_date": "2016-04-21T19:57:55.565Z"}}, {"model": "sessions.session", "pk": "fov7umljpmz918zoo7bqt1lzczhwhiii", "fields": {"session_data": "MDc3OTMxZTNhZjBjZThkNzM4NzAyZmNjNDI1ZGU4OWM5ODgxZDE0ZDp7Il9hdXRoX3VzZXJfaWQiOiIxIiwiX2F1dGhfdXNlcl9oYXNoIjoiZTIwZWYxNzIxOTBiYzQxNDVkOTYxOTQwNDkzNzY5NGIzM2FhZGNlNyIsIl9hdXRoX3VzZXJfYmFja2VuZCI6ImRqYW5nby5jb250cmliLmF1dGguYmFja2VuZHMuTW9kZWxCYWNrZW5kIn0=", "expire_date": "2016-02-19T20:44:15.954Z"}}, {"model": "sessions.session", "pk": "mp9a52ed5esw68cj095w3p27q59dfdtr", "fields": {"session_data": "ZWY2NmUwYzEyY2UwYmEzMjk1MTQ3YmEwNTg2N2E2NGVlZTdjODUzMzp7Il9hdXRoX3VzZXJfYmFja2VuZCI6ImRqYW5nby5jb250cmliLmF1dGguYmFja2VuZHMuTW9kZWxCYWNrZW5kIiwiX2F1dGhfdXNlcl9oYXNoIjoiNmY0ZGRhNjUwYjkyZjdkNWVjNTkwY2MyY2U4ZGE2YWZlNTIzYmU1NyIsIl9hdXRoX3VzZXJfaWQiOiIyIn0=", "expire_date": "2016-04-06T12:30:44.500Z"}}, {"model": "sessions.session", "pk": "s3orzmbccegydklkig5n9c0bep6w0eqx", "fields": {"session_data": "ZDliZjMwNmU1YTYyODg2ZDE3MWRlMmUyMmFmMmRiZDIwNTBhY2EwOTp7Il9hdXRoX3VzZXJfaGFzaCI6IjcyMjViNGI1NzM4ZDBmMThmNThlYmUzN2UxYTM3ZWIwMjg3NWUxMDAiLCJfYXV0aF91c2VyX2JhY2tlbmQiOiJkamFuZ28uY29udHJpYi5hdXRoLmJhY2tlbmRzLk1vZGVsQmFja2VuZCIsIl9hdXRoX3VzZXJfaWQiOiIyIn0=", "expire_date": "2016-04-22T18:15:14.120Z"}}, {"model": "sessions.session", "pk": "vrcsizotilowrxq9kfsocdxofy38l14j", "fields": {"session_data": "NDdjMzI2ZDM5ZTRmYjA5YmVjMTAxMzk0MDIzMWVkZmZlMDYxOGZkMTp7Il9hdXRoX3VzZXJfaWQiOiIyIiwiX2F1dGhfdXNlcl9iYWNrZW5kIjoiZGphbmdvLmNvbnRyaWIuYXV0aC5iYWNrZW5kcy5Nb2RlbEJhY2tlbmQiLCJfYXV0aF91c2VyX2hhc2giOiJiNGU2Nzc4Y2VjMmNlNjk2OWQ4N2U1ZjljNGJiOTI4MGE3MTliNWM2In0=", "expire_date": "2016-05-09T17:01:51.415Z"}}, {"model": "sessions.session", "pk": "w0u7lhh6gn3b97wzop1j9adcm415a7sf", "fields": {"session_data": "MjM0NmY0YzZhN2RhNGY2ZmFmZDY3YmQ4OGFjOTc4N2Q0NjFlN2VhYjp7Il9hdXRoX3VzZXJfaWQiOiIyIiwiX2F1dGhfdXNlcl9oYXNoIjoiYjRlNjc3OGNlYzJjZTY5NjlkODdlNWY5YzRiYjkyODBhNzE5YjVjNiIsIl9hdXRoX3VzZXJfYmFja2VuZCI6ImRqYW5nby5jb250cmliLmF1dGguYmFja2VuZHMuTW9kZWxCYWNrZW5kIn0=", "expire_date": "2016-05-04T22:09:14.576Z"}}, {"model": "sessions.session", "pk": "zbmdnvnpuker2ijpoafa3uvn0jrax92x", "fields": {"session_data": "N2VmZGM4MTg0MzRlMzg3ZDljZDMwNTliYmE5MDQwNjgwZGFjNzk3Yjp7Il9hdXRoX3VzZXJfaGFzaCI6ImI0ZTY3NzhjZWMyY2U2OTY5ZDg3ZTVmOWM0YmI5MjgwYTcxOWI1YzYiLCJfYXV0aF91c2VyX2JhY2tlbmQiOiJkamFuZ28uY29udHJpYi5hdXRoLmJhY2tlbmRzLk1vZGVsQmFja2VuZCIsIl9hdXRoX3VzZXJfaWQiOiIyIn0=", "expire_date": "2016-05-18T19:17:12.215Z"}}, {"model": "odontology.course", "pk": 1, "fields": {"created_on": "2016-01-13T23:10:38.031Z", "updated_on": "2016-01-13T23:10:38.031Z", "name": "Sistema de informa\u00e7\u00e3o", "description": "Bacharelado em Sistema de Informa\u00e7\u00e3o"}}, {"model": "odontology.course", "pk": 2, "fields": {"created_on": "2016-01-26T21:39:15.722Z", "updated_on": "2016-01-26T21:39:15.722Z", "name": "Enfermagem", "description": "Bacharelado em Enfermagem"}}, {"model": "odontology.course", "pk": 3, "fields": {"created_on": "2016-01-26T21:39:47.456Z", "updated_on": "2016-01-26T21:39:47.456Z", "name": "Nutri\u00e7\u00e3o", "description": "Bacharelado em Nutri\u00e7\u00e3o"}}, {"model": "odontology.course", "pk": 4, "fields": {"created_on": "2016-01-26T21:40:50.045Z", "updated_on": "2016-01-26T21:40:50.045Z", "name": "Matem\u00e1tica", "description": "Licenciatura em Matem\u00e1tica"}}, {"model": "odontology.course", "pk": 5, "fields": {"created_on": "2016-01-26T21:41:20.581Z", "updated_on": "2016-01-26T21:41:20.581Z", "name": "Hist\u00f3ria", "description": "Licenciatura em Hist\u00f3ria"}}, {"model": "odontology.course", "pk": 6, "fields": {"created_on": "2016-01-26T21:41:42.342Z", "updated_on": "2016-01-26T21:41:42.342Z", "name": "Biologia", "description": "Bacharelado em Biologia"}}, {"model": "odontology.course", "pk": 7, "fields": {"created_on": "2016-01-26T21:42:03.160Z", "updated_on": "2016-01-26T21:42:28.413Z", "name": "Administra\u00e7\u00e3o", "description": "Bacharelado em Administra\u00e7\u00e3o"}}, {"model": "odontology.course", "pk": 8, "fields": {"created_on": "2016-01-26T21:42:03.160Z", "updated_on": "2016-01-26T21:42:28.413Z", "name": "Medicina", "description": "Bacharelado em Medicina"}}, {"model": "odontology.course", "pk": 9, "fields": {"created_on": "2016-03-23T12:26:56.986Z", "updated_on": "2016-03-23T12:28:15.219Z", "name": "Pedagogia", "description": "Licenciatura em Pedagogia"}}, {"model": "odontology.course", "pk": 10, "fields": {"created_on": "2016-03-23T12:28:41.588Z", "updated_on": "2016-03-23T12:28:41.588Z", "name": "Letras", "description": "Licenciatura em Letras Portugu\u00eas"}}, {"model": "odontology.tooth", "pk": 1, "fields": {"created_on": "2016-01-29T21:03:34.746Z", "updated_on": "2016-01-29T21:03:34.747Z", "name": "18", "description": "Terceiro Molar Superior Direito"}}, {"model": "odontology.tooth", "pk": 2, "fields": {"created_on": "2016-01-29T21:03:14.255Z", "updated_on": "2016-01-29T21:03:14.256Z", "name": "17", "description": "Segundo Molar Superior Direito"}}, {"model": "odontology.tooth", "pk": 3, "fields": {"created_on": "2016-01-29T21:03:04.261Z", "updated_on": "2016-01-29T21:03:04.261Z", "name": "16", "description": "Primeiro Molar Superior Direito"}}, {"model": "odontology.tooth", "pk": 4, "fields": {"created_on": "2016-01-29T21:02:52.641Z", "updated_on": "2016-01-29T21:02:52.641Z", "name": "15", "description": "Segundo Premolar Superior Direito"}}, {"model": "odontology.tooth", "pk": 5, "fields": {"created_on": "2016-01-29T21:02:41.941Z", "updated_on": "2016-01-29T21:02:41.941Z", "name": "14", "description": "Primeiro Premolar Superior Direito"}}, {"model": "odontology.tooth", "pk": 6, "fields": {"created_on": "2016-01-29T21:02:30.325Z", "updated_on": "2016-01-29T21:02:30.325Z", "name": "13", "description": "Canino Superior Direito"}}, {"model": "odontology.tooth", "pk": 7, "fields": {"created_on": "2016-01-29T21:02:18.637Z", "updated_on": "2016-01-29T21:02:18.637Z", "name": "12", "description": "Incisivo Lateral Superior Direito"}}, {"model": "odontology.tooth", "pk": 8, "fields": {"created_on": "2016-01-29T21:02:00.440Z", "updated_on": "2016-01-29T21:02:00.440Z", "name": "11", "description": "Incisivo Central Superior Direito"}}, {"model": "odontology.tooth", "pk": 9, "fields": {"created_on": "2016-01-29T21:03:48.375Z", "updated_on": "2016-01-29T21:03:48.375Z", "name": "21", "description": "Incisivo Central Superior Esquerdo"}}, {"model": "odontology.tooth", "pk": 10, "fields": {"created_on": "2016-01-29T21:03:59.596Z", "updated_on": "2016-01-29T21:03:59.596Z", "name": "22", "description": "Incisivo Lateral Superior Esquerdo"}}, {"model": "odontology.tooth", "pk": 11, "fields": {"created_on": "2016-01-29T21:04:13.641Z", "updated_on": "2016-01-29T21:04:13.641Z", "name": "23", "description": "Canino Superior Esquerdo"}}, {"model": "odontology.tooth", "pk": 12, "fields": {"created_on": "2016-01-29T21:04:26.182Z", "updated_on": "2016-01-29T21:04:26.182Z", "name": "24", "description": "Primeiro Premolar Superior Esquerdo"}}, {"model": "odontology.tooth", "pk": 13, "fields": {"created_on": "2016-01-29T21:04:37.745Z", "updated_on": "2016-01-29T21:04:37.745Z", "name": "25", "description": "Segundo Premolar Superior Esquerdo"}}, {"model": "odontology.tooth", "pk": 14, "fields": {"created_on": "2016-01-29T21:04:51.702Z", "updated_on": "2016-01-29T21:04:51.703Z", "name": "26", "description": "Primeiro Molar Superior Esquerdo"}}, {"model": "odontology.tooth", "pk": 15, "fields": {"created_on": "2016-01-29T21:05:04.192Z", "updated_on": "2016-01-29T21:05:04.193Z", "name": "27", "description": "Segundo Molar Superior Esquerdo"}}, {"model": "odontology.tooth", "pk": 16, "fields": {"created_on": "2016-01-29T21:05:14.319Z", "updated_on": "2016-01-29T21:05:14.319Z", "name": "28", "description": "Terceiro Molar Superior Esquerdo"}}, {"model": "odontology.tooth", "pk": 17, "fields": {"created_on": "2016-01-29T21:07:34.281Z", "updated_on": "2016-01-29T21:07:34.281Z", "name": "48", "description": "Terceiro Molar Inferior Direito"}}, {"model": "odontology.tooth", "pk": 18, "fields": {"created_on": "2016-01-29T21:08:02.101Z", "updated_on": "2016-01-29T21:08:02.101Z", "name": "47", "description": "Segundo Molar Inferior Direito"}}, {"model": "odontology.tooth", "pk": 19, "fields": {"created_on": "2016-01-29T21:08:13.192Z", "updated_on": "2016-01-29T21:08:13.192Z", "name": "46", "description": "Primeiro Molar Inferior Direito"}}, {"model": "odontology.tooth", "pk": 20, "fields": {"created_on": "2016-01-29T21:08:31.999Z", "updated_on": "2016-01-29T21:08:31.999Z", "name": "45", "description": "Segundo Premolar Inferior Direito"}}, {"model": "odontology.tooth", "pk": 21, "fields": {"created_on": "2016-01-29T21:08:46.281Z", "updated_on": "2016-01-29T21:08:46.281Z", "name": "44", "description": "Primeiro Premolar Inferior Direito"}}, {"model": "odontology.tooth", "pk": 22, "fields": {"created_on": "2016-01-29T21:08:58.282Z", "updated_on": "2016-01-29T21:08:58.282Z", "name": "43", "description": "Canino Inferior Direito"}}, {"model": "odontology.tooth", "pk": 23, "fields": {"created_on": "2016-01-29T21:09:10.697Z", "updated_on": "2016-01-29T21:09:10.697Z", "name": "42", "description": "Incisivo Lateral Inferior Direito"}}, {"model": "odontology.tooth", "pk": 24, "fields": {"created_on": "2016-01-29T21:09:27.157Z", "updated_on": "2016-01-29T21:09:27.157Z", "name": "41", "description": "Incisivo Central Inferior Direito"}}, {"model": "odontology.tooth", "pk": 25, "fields": {"created_on": "2016-01-29T21:07:25.010Z", "updated_on": "2016-01-29T21:07:25.010Z", "name": "31", "description": "Incisivo Central Inferior Esquerdo"}}, {"model": "odontology.tooth", "pk": 26, "fields": {"created_on": "2016-01-29T21:07:16.186Z", "updated_on": "2016-01-29T21:07:16.186Z", "name": "32", "description": "Incisivo Lateral Inferior Esquerdo"}}, {"model": "odontology.tooth", "pk": 27, "fields": {"created_on": "2016-01-29T21:07:07.132Z", "updated_on": "2016-01-29T21:07:07.132Z", "name": "33", "description": "Canino Inferior Esquerdo"}}, {"model": "odontology.tooth", "pk": 28, "fields": {"created_on": "2016-01-29T21:06:40.920Z", "updated_on": "2016-01-29T21:06:40.920Z", "name": "34", "description": "Primeiro Premolar Inferior Esquerdo"}}, {"model": "odontology.tooth", "pk": 29, "fields": {"created_on": "2016-01-29T21:06:21.881Z", "updated_on": "2016-01-29T21:06:21.881Z", "name": "35", "description": "Segundo Premolar Inferior Esquerdo"}}, {"model": "odontology.tooth", "pk": 30, "fields": {"created_on": "2016-01-29T21:06:12.491Z", "updated_on": "2016-01-29T21:06:12.491Z", "name": "36", "description": "Primeiro Molar Inferior Esquerdo"}}, {"model": "odontology.tooth", "pk": 31, "fields": {"created_on": "2016-01-29T21:06:01.094Z", "updated_on": "2016-01-29T21:06:01.094Z", "name": "37", "description": "Segundo  Molar Inferior Esquerdo"}}, {"model": "odontology.tooth", "pk": 32, "fields": {"created_on": "2016-01-29T21:05:25.328Z", "updated_on": "2016-01-29T21:05:25.328Z", "name": "38", "description": "Terceiro Molar Inferior Esquerdo"}}, {"model": "odontology.toothdivision", "pk": 1, "fields": {"created_on": "2016-01-28T21:30:42.655Z", "updated_on": "2016-01-28T21:30:42.655Z", "name": "FP/FL", "description": "Face Palatal/Face Lingual"}}, {"model": "odontology.toothdivision", "pk": 2, "fields": {"created_on": "2016-01-28T21:30:58.536Z", "updated_on": "2016-01-28T21:30:58.536Z", "name": "FV", "description": "Face Vestibular"}}, {"model": "odontology.toothdivision", "pk": 3, "fields": {"created_on": "2016-01-28T21:31:13.079Z", "updated_on": "2016-01-28T21:31:13.079Z", "name": "FM", "description": "Face Mesial"}}, {"model": "odontology.toothdivision", "pk": 4, "fields": {"created_on": "2016-01-28T21:31:27.322Z", "updated_on": "2016-01-28T21:31:27.322Z", "name": "FD", "description": "Face Distal"}}, {"model": "odontology.toothdivision", "pk": 5, "fields": {"created_on": "2016-01-28T21:31:39.784Z", "updated_on": "2016-01-28T21:31:39.785Z", "name": "FO", "description": "Face Oclusal"}}, {"model": "odontology.toothdivision", "pk": 6, "fields": {"created_on": "2016-01-28T21:31:39.784Z", "updated_on": "2016-02-05T16:52:40.198Z", "name": "DC", "description": "Dente Completo"}}, {"model": "odontology.patient", "pk": 2, "fields": {"created_on": "2016-04-08T18:06:16.831Z", "updated_on": "2016-04-22T20:58:35.347Z", "name": "Nonato Rodrigues de Sales", "sex": "M", "marital_status": "CASADO", "birth_date": "1985-06-02", "father": "Raimundo Nonato Rodrigues", "mother": "Antonia Maria de Sales Rodrigues", "phone": "(89) 9 9930-5127", "course": null, "types": "T\u00e9cnico Administrativo", "email": "nrdesales@hotmail.com", "dependents": [3, 4]}}, {"model": "odontology.patient", "pk": 3, "fields": {"created_on": "2016-04-08T18:12:10.601Z", "updated_on": "2016-04-08T18:22:46.734Z", "name": "Esdras Carvalho Rodrigues", "sex": "M", "marital_status": "SOLTEIRO", "birth_date": "2014-08-11", "father": "Nonato Rodrigues de Sales", "mother": "Maria da Concei\u00e7\u00e3o Leal Carvalho", "phone": "(89) 9 8852-1478", "course": null, "types": "Dependente", "email": "esdras@gmail.com", "dependents": []}}, {"model": "odontology.patient", "pk": 4, "fields": {"created_on": "2016-04-11T17:58:32.695Z", "updated_on": "2016-04-11T17:58:32.695Z", "name": "Maria da Concei\u00e7\u00e3o Leal Carvalho Rodrigues", "sex": "F", "marital_status": "CASADO", "birth_date": "1989-01-15", "father": "Jo\u00e3o Manoel de Carvalho", "mother": "Maria dos Anjos Leal de Carvalho", "phone": "(89) 9 9997-8117", "course": null, "types": "Dependente", "email": "mariacarvalhoadm@hotmail.com", "dependents": []}}, {"model": "odontology.patient", "pk": 5, "fields": {"created_on": "2016-04-13T20:46:54.317Z", "updated_on": "2016-04-13T20:46:54.317Z", "name": "H\u00e9lia de Alencar Martins", "sex": "F", "marital_status": "SOLTEIRO", "birth_date": "1992-08-07", "father": "H\u00e9lio Martins de Sousa", "mother": "Antonia Alves de Alencar Martins", "phone": "(89) 9 9976-3954", "course": 6, "types": "Estudante", "email": "helia.alencar.ufpi@gmail.com", "dependents": []}}, {"model": "odontology.patient", "pk": 6, "fields": {"created_on": "2016-04-22T20:46:57.583Z", "updated_on": "2016-04-22T20:46:57.583Z", "name": "Jean Carlos Costa Lima", "sex": "M", "marital_status": "SOLTEIRO", "birth_date": "1984-11-20", "father": "Etevaldo de Deus Lima", "mother": "Ana Cl\u00e9ia Costa Lima", "phone": "(86) 9 9497-1660", "course": null, "types": "T\u00e9cnico Administrativo", "email": "jeanlima88@hotmail.com", "dependents": []}}, {"model": "odontology.patient", "pk": 7, "fields": {"created_on": "2016-05-04T19:19:09.851Z", "updated_on": "2016-05-04T19:19:09.851Z", "name": "Mauricio", "sex": "M", "marital_status": "SOLTEIRO", "birth_date": "1984-12-21", "father": "", "mother": "", "phone": "(86) 9 9449-3043", "course": null, "types": "T\u00e9cnico Administrativo", "email": "mauricio@ufpi.edu.br", "dependents": []}}, {"model": "odontology.address", "pk": 2, "fields": {"created_on": "2016-04-08T18:06:17.250Z", "updated_on": "2016-04-22T20:58:35.367Z", "city": "Picos", "state": "PI", "street": "Av. Eliseu Pereira Bezerra", "number": "451", "complement": "", "zip_code": "64600-430", "reference_point": "", "neighborhood": "Passagem das Pedras", "country": "Brasil", "content_type": 11, "object_id": 2}}, {"model": "odontology.address", "pk": 3, "fields": {"created_on": "2016-04-08T18:12:10.994Z", "updated_on": "2016-04-08T18:22:46.762Z", "city": "Picos", "state": "PI", "street": "Av. Eliseu Pereira Bezerra", "number": "451", "complement": "", "zip_code": "64600-430", "reference_point": "", "neighborhood": "Passagem das Pedras", "country": "Brasil", "content_type": 11, "object_id": 3}}, {"model": "odontology.address", "pk": 4, "fields": {"created_on": "2016-04-11T17:58:33.058Z", "updated_on": "2016-04-11T17:58:33.058Z", "city": "Picos", "state": "PI", "street": "Av. Eliseu Pereira Bezerra", "number": "451", "complement": "", "zip_code": "64600-430", "reference_point": "", "neighborhood": "Passagem das Pedras", "country": "Brasil", "content_type": 11, "object_id": 4}}, {"model": "odontology.address", "pk": 5, "fields": {"created_on": "2016-04-13T14:19:31.355Z", "updated_on": "2016-04-13T14:21:38.831Z", "city": "Picos", "state": "PI", "street": "Rua Monsenhor Hipolito", "number": "1660", "complement": "", "zip_code": "64600-021", "reference_point": "", "neighborhood": "Canto da Varzea", "country": "Brasil", "content_type": 7, "object_id": 2}}, {"model": "odontology.address", "pk": 6, "fields": {"created_on": "2016-04-13T20:46:54.848Z", "updated_on": "2016-04-13T20:46:54.848Z", "city": "Picos", "state": "PI", "street": "Rua Antonio Bonfim", "number": "167", "complement": "Apartamento", "zip_code": "64600-000", "reference_point": "", "neighborhood": "Junco", "country": "Brasil", "content_type": 11, "object_id": 5}}, {"model": "odontology.address", "pk": 7, "fields": {"created_on": "2016-04-22T20:46:58.057Z", "updated_on": "2016-04-22T20:46:58.057Z", "city": "Picos", "state": "PI", "street": "Rua Senador Helvideo Nunes", "number": "1524", "complement": "", "zip_code": "64607-755", "reference_point": "", "neighborhood": "Junco", "country": "Brasil", "content_type": 11, "object_id": 6}}, {"model": "odontology.address", "pk": 8, "fields": {"created_on": "2016-05-04T19:19:10.517Z", "updated_on": "2016-05-04T19:19:10.517Z", "city": "Teresin", "state": "PI", "street": "Rua Castelo Branco", "number": "520", "complement": "", "zip_code": "64600-000", "reference_point": "", "neighborhood": "Ininga", "country": "Brasil", "content_type": 11, "object_id": 7}}, {"model": "odontology.patienttooth", "pk": 2, "fields": {"created_on": "2016-04-08T18:06:16.879Z", "updated_on": "2016-04-08T18:06:16.879Z", "tooth": 1, "patient": 2}}, {"model": "odontology.patienttooth", "pk": 3, "fields": {"created_on": "2016-04-08T18:06:16.991Z", "updated_on": "2016-04-08T18:06:16.991Z", "tooth": 2, "patient": 2}}, {"model": "odontology.patienttooth", "pk": 4, "fields": {"created_on": "2016-04-08T18:06:16.999Z", "updated_on": "2016-04-08T18:06:16.999Z", "tooth": 3, "patient": 2}}, {"model": "odontology.patienttooth", "pk": 5, "fields": {"created_on": "2016-04-08T18:06:17.007Z", "updated_on": "2016-04-08T18:06:17.007Z", "tooth": 4, "patient": 2}}, {"model": "odontology.patienttooth", "pk": 6, "fields": {"created_on": "2016-04-08T18:06:17.015Z", "updated_on": "2016-04-08T18:06:17.015Z", "tooth": 5, "patient": 2}}, {"model": "odontology.patienttooth", "pk": 7, "fields": {"created_on": "2016-04-08T18:06:17.024Z", "updated_on": "2016-04-08T18:06:17.024Z", "tooth": 6, "patient": 2}}, {"model": "odontology.patienttooth", "pk": 8, "fields": {"created_on": "2016-04-08T18:06:17.032Z", "updated_on": "2016-04-08T18:06:17.032Z", "tooth": 7, "patient": 2}}, {"model": "odontology.patienttooth", "pk": 9, "fields": {"created_on": "2016-04-08T18:06:17.041Z", "updated_on": "2016-04-08T18:06:17.041Z", "tooth": 8, "patient": 2}}, {"model": "odontology.patienttooth", "pk": 10, "fields": {"created_on": "2016-04-08T18:06:17.049Z", "updated_on": "2016-04-08T18:06:17.049Z", "tooth": 9, "patient": 2}}, {"model": "odontology.patienttooth", "pk": 11, "fields": {"created_on": "2016-04-08T18:06:17.057Z", "updated_on": "2016-04-08T18:06:17.057Z", "tooth": 10, "patient": 2}}, {"model": "odontology.patienttooth", "pk": 12, "fields": {"created_on": "2016-04-08T18:06:17.066Z", "updated_on": "2016-04-08T18:06:17.066Z", "tooth": 11, "patient": 2}}, {"model": "odontology.patienttooth", "pk": 13, "fields": {"created_on": "2016-04-08T18:06:17.074Z", "updated_on": "2016-04-08T18:06:17.074Z", "tooth": 12, "patient": 2}}, {"model": "odontology.patienttooth", "pk": 14, "fields": {"created_on": "2016-04-08T18:06:17.082Z", "updated_on": "2016-04-08T18:06:17.082Z", "tooth": 13, "patient": 2}}, {"model": "odontology.patienttooth", "pk": 15, "fields": {"created_on": "2016-04-08T18:06:17.091Z", "updated_on": "2016-04-08T18:06:17.091Z", "tooth": 14, "patient": 2}}, {"model": "odontology.patienttooth", "pk": 16, "fields": {"created_on": "2016-04-08T18:06:17.099Z", "updated_on": "2016-04-08T18:06:17.099Z", "tooth": 15, "patient": 2}}, {"model": "odontology.patienttooth", "pk": 17, "fields": {"created_on": "2016-04-08T18:06:17.107Z", "updated_on": "2016-04-08T18:06:17.107Z", "tooth": 16, "patient": 2}}, {"model": "odontology.patienttooth", "pk": 18, "fields": {"created_on": "2016-04-08T18:06:17.115Z", "updated_on": "2016-04-08T18:06:17.115Z", "tooth": 17, "patient": 2}}, {"model": "odontology.patienttooth", "pk": 19, "fields": {"created_on": "2016-04-08T18:06:17.124Z", "updated_on": "2016-04-08T18:06:17.124Z", "tooth": 18, "patient": 2}}, {"model": "odontology.patienttooth", "pk": 20, "fields": {"created_on": "2016-04-08T18:06:17.132Z", "updated_on": "2016-04-08T18:06:17.132Z", "tooth": 19, "patient": 2}}, {"model": "odontology.patienttooth", "pk": 21, "fields": {"created_on": "2016-04-08T18:06:17.140Z", "updated_on": "2016-04-08T18:06:17.141Z", "tooth": 20, "patient": 2}}, {"model": "odontology.patienttooth", "pk": 22, "fields": {"created_on": "2016-04-08T18:06:17.149Z", "updated_on": "2016-04-08T18:06:17.149Z", "tooth": 21, "patient": 2}}, {"model": "odontology.patienttooth", "pk": 23, "fields": {"created_on": "2016-04-08T18:06:17.157Z", "updated_on": "2016-04-08T18:06:17.157Z", "tooth": 22, "patient": 2}}, {"model": "odontology.patienttooth", "pk": 24, "fields": {"created_on": "2016-04-08T18:06:17.165Z", "updated_on": "2016-04-08T18:06:17.165Z", "tooth": 23, "patient": 2}}, {"model": "odontology.patienttooth", "pk": 25, "fields": {"created_on": "2016-04-08T18:06:17.174Z", "updated_on": "2016-04-08T18:06:17.174Z", "tooth": 24, "patient": 2}}, {"model": "odontology.patienttooth", "pk": 26, "fields": {"created_on": "2016-04-08T18:06:17.182Z", "updated_on": "2016-04-08T18:06:17.182Z", "tooth": 25, "patient": 2}}, {"model": "odontology.patienttooth", "pk": 27, "fields": {"created_on": "2016-04-08T18:06:17.191Z", "updated_on": "2016-04-08T18:06:17.191Z", "tooth": 26, "patient": 2}}, {"model": "odontology.patienttooth", "pk": 28, "fields": {"created_on": "2016-04-08T18:06:17.199Z", "updated_on": "2016-04-08T18:06:17.199Z", "tooth": 27, "patient": 2}}, {"model": "odontology.patienttooth", "pk": 29, "fields": {"created_on": "2016-04-08T18:06:17.207Z", "updated_on": "2016-04-08T18:06:17.207Z", "tooth": 28, "patient": 2}}, {"model": "odontology.patienttooth", "pk": 30, "fields": {"created_on": "2016-04-08T18:06:17.216Z", "updated_on": "2016-04-08T18:06:17.216Z", "tooth": 29, "patient": 2}}, {"model": "odontology.patienttooth", "pk": 31, "fields": {"created_on": "2016-04-08T18:06:17.224Z", "updated_on": "2016-04-08T18:06:17.224Z", "tooth": 30, "patient": 2}}, {"model": "odontology.patienttooth", "pk": 32, "fields": {"created_on": "2016-04-08T18:06:17.232Z", "updated_on": "2016-04-08T18:06:17.232Z", "tooth": 31, "patient": 2}}, {"model": "odontology.patienttooth", "pk": 33, "fields": {"created_on": "2016-04-08T18:06:17.241Z", "updated_on": "2016-04-08T18:06:17.241Z", "tooth": 32, "patient": 2}}, {"model": "odontology.patienttooth", "pk": 34, "fields": {"created_on": "2016-04-08T18:12:10.637Z", "updated_on": "2016-04-08T18:12:10.637Z", "tooth": 1, "patient": 3}}, {"model": "odontology.patienttooth", "pk": 35, "fields": {"created_on": "2016-04-08T18:12:10.693Z", "updated_on": "2016-04-08T18:12:10.693Z", "tooth": 2, "patient": 3}}, {"model": "odontology.patienttooth", "pk": 36, "fields": {"created_on": "2016-04-08T18:12:10.735Z", "updated_on": "2016-04-08T18:12:10.735Z", "tooth": 3, "patient": 3}}, {"model": "odontology.patienttooth", "pk": 37, "fields": {"created_on": "2016-04-08T18:12:10.743Z", "updated_on": "2016-04-08T18:12:10.743Z", "tooth": 4, "patient": 3}}, {"model": "odontology.patienttooth", "pk": 38, "fields": {"created_on": "2016-04-08T18:12:10.752Z", "updated_on": "2016-04-08T18:12:10.752Z", "tooth": 5, "patient": 3}}, {"model": "odontology.patienttooth", "pk": 39, "fields": {"created_on": "2016-04-08T18:12:10.760Z", "updated_on": "2016-04-08T18:12:10.760Z", "tooth": 6, "patient": 3}}, {"model": "odontology.patienttooth", "pk": 40, "fields": {"created_on": "2016-04-08T18:12:10.768Z", "updated_on": "2016-04-08T18:12:10.769Z", "tooth": 7, "patient": 3}}, {"model": "odontology.patienttooth", "pk": 41, "fields": {"created_on": "2016-04-08T18:12:10.777Z", "updated_on": "2016-04-08T18:12:10.777Z", "tooth": 8, "patient": 3}}, {"model": "odontology.patienttooth", "pk": 42, "fields": {"created_on": "2016-04-08T18:12:10.785Z", "updated_on": "2016-04-08T18:12:10.785Z", "tooth": 9, "patient": 3}}, {"model": "odontology.patienttooth", "pk": 43, "fields": {"created_on": "2016-04-08T18:12:10.793Z", "updated_on": "2016-04-08T18:12:10.793Z", "tooth": 10, "patient": 3}}, {"model": "odontology.patienttooth", "pk": 44, "fields": {"created_on": "2016-04-08T18:12:10.802Z", "updated_on": "2016-04-08T18:12:10.802Z", "tooth": 11, "patient": 3}}, {"model": "odontology.patienttooth", "pk": 45, "fields": {"created_on": "2016-04-08T18:12:10.810Z", "updated_on": "2016-04-08T18:12:10.810Z", "tooth": 12, "patient": 3}}, {"model": "odontology.patienttooth", "pk": 46, "fields": {"created_on": "2016-04-08T18:12:10.818Z", "updated_on": "2016-04-08T18:12:10.818Z", "tooth": 13, "patient": 3}}, {"model": "odontology.patienttooth", "pk": 47, "fields": {"created_on": "2016-04-08T18:12:10.826Z", "updated_on": "2016-04-08T18:12:10.826Z", "tooth": 14, "patient": 3}}, {"model": "odontology.patienttooth", "pk": 48, "fields": {"created_on": "2016-04-08T18:12:10.835Z", "updated_on": "2016-04-08T18:12:10.835Z", "tooth": 15, "patient": 3}}, {"model": "odontology.patienttooth", "pk": 49, "fields": {"created_on": "2016-04-08T18:12:10.843Z", "updated_on": "2016-04-08T18:12:10.843Z", "tooth": 16, "patient": 3}}, {"model": "odontology.patienttooth", "pk": 50, "fields": {"created_on": "2016-04-08T18:12:10.851Z", "updated_on": "2016-04-08T18:12:10.851Z", "tooth": 17, "patient": 3}}, {"model": "odontology.patienttooth", "pk": 51, "fields": {"created_on": "2016-04-08T18:12:10.860Z", "updated_on": "2016-04-08T18:12:10.860Z", "tooth": 18, "patient": 3}}, {"model": "odontology.patienttooth", "pk": 52, "fields": {"created_on": "2016-04-08T18:12:10.868Z", "updated_on": "2016-04-08T18:12:10.868Z", "tooth": 19, "patient": 3}}, {"model": "odontology.patienttooth", "pk": 53, "fields": {"created_on": "2016-04-08T18:12:10.876Z", "updated_on": "2016-04-08T18:12:10.877Z", "tooth": 20, "patient": 3}}, {"model": "odontology.patienttooth", "pk": 54, "fields": {"created_on": "2016-04-08T18:12:10.885Z", "updated_on": "2016-04-08T18:12:10.885Z", "tooth": 21, "patient": 3}}, {"model": "odontology.patienttooth", "pk": 55, "fields": {"created_on": "2016-04-08T18:12:10.893Z", "updated_on": "2016-04-08T18:12:10.893Z", "tooth": 22, "patient": 3}}, {"model": "odontology.patienttooth", "pk": 56, "fields": {"created_on": "2016-04-08T18:12:10.902Z", "updated_on": "2016-04-08T18:12:10.902Z", "tooth": 23, "patient": 3}}, {"model": "odontology.patienttooth", "pk": 57, "fields": {"created_on": "2016-04-08T18:12:10.910Z", "updated_on": "2016-04-08T18:12:10.910Z", "tooth": 24, "patient": 3}}, {"model": "odontology.patienttooth", "pk": 58, "fields": {"created_on": "2016-04-08T18:12:10.918Z", "updated_on": "2016-04-08T18:12:10.918Z", "tooth": 25, "patient": 3}}, {"model": "odontology.patienttooth", "pk": 59, "fields": {"created_on": "2016-04-08T18:12:10.927Z", "updated_on": "2016-04-08T18:12:10.927Z", "tooth": 26, "patient": 3}}, {"model": "odontology.patienttooth", "pk": 60, "fields": {"created_on": "2016-04-08T18:12:10.935Z", "updated_on": "2016-04-08T18:12:10.935Z", "tooth": 27, "patient": 3}}, {"model": "odontology.patienttooth", "pk": 61, "fields": {"created_on": "2016-04-08T18:12:10.943Z", "updated_on": "2016-04-08T18:12:10.943Z", "tooth": 28, "patient": 3}}, {"model": "odontology.patienttooth", "pk": 62, "fields": {"created_on": "2016-04-08T18:12:10.951Z", "updated_on": "2016-04-08T18:12:10.952Z", "tooth": 29, "patient": 3}}, {"model": "odontology.patienttooth", "pk": 63, "fields": {"created_on": "2016-04-08T18:12:10.960Z", "updated_on": "2016-04-08T18:12:10.960Z", "tooth": 30, "patient": 3}}, {"model": "odontology.patienttooth", "pk": 64, "fields": {"created_on": "2016-04-08T18:12:10.968Z", "updated_on": "2016-04-08T18:12:10.968Z", "tooth": 31, "patient": 3}}, {"model": "odontology.patienttooth", "pk": 65, "fields": {"created_on": "2016-04-08T18:12:10.976Z", "updated_on": "2016-04-08T18:12:10.977Z", "tooth": 32, "patient": 3}}, {"model": "odontology.patienttooth", "pk": 66, "fields": {"created_on": "2016-04-11T17:58:32.745Z", "updated_on": "2016-04-11T17:58:32.745Z", "tooth": 1, "patient": 4}}, {"model": "odontology.patienttooth", "pk": 67, "fields": {"created_on": "2016-04-11T17:58:32.755Z", "updated_on": "2016-04-11T17:58:32.755Z", "tooth": 2, "patient": 4}}, {"model": "odontology.patienttooth", "pk": 68, "fields": {"created_on": "2016-04-11T17:58:32.763Z", "updated_on": "2016-04-11T17:58:32.763Z", "tooth": 3, "patient": 4}}, {"model": "odontology.patienttooth", "pk": 69, "fields": {"created_on": "2016-04-11T17:58:32.772Z", "updated_on": "2016-04-11T17:58:32.772Z", "tooth": 4, "patient": 4}}, {"model": "odontology.patienttooth", "pk": 70, "fields": {"created_on": "2016-04-11T17:58:32.780Z", "updated_on": "2016-04-11T17:58:32.780Z", "tooth": 5, "patient": 4}}, {"model": "odontology.patienttooth", "pk": 71, "fields": {"created_on": "2016-04-11T17:58:32.788Z", "updated_on": "2016-04-11T17:58:32.788Z", "tooth": 6, "patient": 4}}, {"model": "odontology.patienttooth", "pk": 72, "fields": {"created_on": "2016-04-11T17:58:32.797Z", "updated_on": "2016-04-11T17:58:32.797Z", "tooth": 7, "patient": 4}}, {"model": "odontology.patienttooth", "pk": 73, "fields": {"created_on": "2016-04-11T17:58:32.822Z", "updated_on": "2016-04-11T17:58:32.822Z", "tooth": 8, "patient": 4}}, {"model": "odontology.patienttooth", "pk": 74, "fields": {"created_on": "2016-04-11T17:58:32.830Z", "updated_on": "2016-04-11T17:58:32.830Z", "tooth": 9, "patient": 4}}, {"model": "odontology.patienttooth", "pk": 75, "fields": {"created_on": "2016-04-11T17:58:32.838Z", "updated_on": "2016-04-11T17:58:32.838Z", "tooth": 10, "patient": 4}}, {"model": "odontology.patienttooth", "pk": 76, "fields": {"created_on": "2016-04-11T17:58:32.847Z", "updated_on": "2016-04-11T17:58:32.847Z", "tooth": 11, "patient": 4}}, {"model": "odontology.patienttooth", "pk": 77, "fields": {"created_on": "2016-04-11T17:58:32.855Z", "updated_on": "2016-04-11T17:58:32.855Z", "tooth": 12, "patient": 4}}, {"model": "odontology.patienttooth", "pk": 78, "fields": {"created_on": "2016-04-11T17:58:32.863Z", "updated_on": "2016-04-11T17:58:32.863Z", "tooth": 13, "patient": 4}}, {"model": "odontology.patienttooth", "pk": 79, "fields": {"created_on": "2016-04-11T17:58:32.872Z", "updated_on": "2016-04-11T17:58:32.872Z", "tooth": 14, "patient": 4}}, {"model": "odontology.patienttooth", "pk": 80, "fields": {"created_on": "2016-04-11T17:58:32.880Z", "updated_on": "2016-04-11T17:58:32.880Z", "tooth": 15, "patient": 4}}, {"model": "odontology.patienttooth", "pk": 81, "fields": {"created_on": "2016-04-11T17:58:32.888Z", "updated_on": "2016-04-11T17:58:32.888Z", "tooth": 16, "patient": 4}}, {"model": "odontology.patienttooth", "pk": 82, "fields": {"created_on": "2016-04-11T17:58:32.897Z", "updated_on": "2016-04-11T17:58:32.897Z", "tooth": 17, "patient": 4}}, {"model": "odontology.patienttooth", "pk": 83, "fields": {"created_on": "2016-04-11T17:58:32.905Z", "updated_on": "2016-04-11T17:58:32.905Z", "tooth": 18, "patient": 4}}, {"model": "odontology.patienttooth", "pk": 84, "fields": {"created_on": "2016-04-11T17:58:32.913Z", "updated_on": "2016-04-11T17:58:32.913Z", "tooth": 19, "patient": 4}}, {"model": "odontology.patienttooth", "pk": 85, "fields": {"created_on": "2016-04-11T17:58:32.922Z", "updated_on": "2016-04-11T17:58:32.922Z", "tooth": 20, "patient": 4}}, {"model": "odontology.patienttooth", "pk": 86, "fields": {"created_on": "2016-04-11T17:58:32.930Z", "updated_on": "2016-04-11T17:58:32.930Z", "tooth": 21, "patient": 4}}, {"model": "odontology.patienttooth", "pk": 87, "fields": {"created_on": "2016-04-11T17:58:32.938Z", "updated_on": "2016-04-11T17:58:32.938Z", "tooth": 22, "patient": 4}}, {"model": "odontology.patienttooth", "pk": 88, "fields": {"created_on": "2016-04-11T17:58:32.947Z", "updated_on": "2016-04-11T17:58:32.947Z", "tooth": 23, "patient": 4}}, {"model": "odontology.patienttooth", "pk": 89, "fields": {"created_on": "2016-04-11T17:58:32.955Z", "updated_on": "2016-04-11T17:58:32.955Z", "tooth": 24, "patient": 4}}, {"model": "odontology.patienttooth", "pk": 90, "fields": {"created_on": "2016-04-11T17:58:32.963Z", "updated_on": "2016-04-11T17:58:32.964Z", "tooth": 25, "patient": 4}}, {"model": "odontology.patienttooth", "pk": 91, "fields": {"created_on": "2016-04-11T17:58:32.972Z", "updated_on": "2016-04-11T17:58:32.972Z", "tooth": 26, "patient": 4}}, {"model": "odontology.patienttooth", "pk": 92, "fields": {"created_on": "2016-04-11T17:58:32.980Z", "updated_on": "2016-04-11T17:58:32.980Z", "tooth": 27, "patient": 4}}, {"model": "odontology.patienttooth", "pk": 93, "fields": {"created_on": "2016-04-11T17:58:32.988Z", "updated_on": "2016-04-11T17:58:32.988Z", "tooth": 28, "patient": 4}}, {"model": "odontology.patienttooth", "pk": 94, "fields": {"created_on": "2016-04-11T17:58:32.997Z", "updated_on": "2016-04-11T17:58:32.997Z", "tooth": 29, "patient": 4}}, {"model": "odontology.patienttooth", "pk": 95, "fields": {"created_on": "2016-04-11T17:58:33.005Z", "updated_on": "2016-04-11T17:58:33.005Z", "tooth": 30, "patient": 4}}, {"model": "odontology.patienttooth", "pk": 96, "fields": {"created_on": "2016-04-11T17:58:33.013Z", "updated_on": "2016-04-11T17:58:33.013Z", "tooth": 31, "patient": 4}}, {"model": "odontology.patienttooth", "pk": 97, "fields": {"created_on": "2016-04-11T17:58:33.022Z", "updated_on": "2016-04-11T17:58:33.022Z", "tooth": 32, "patient": 4}}, {"model": "odontology.patienttooth", "pk": 98, "fields": {"created_on": "2016-04-13T20:46:54.540Z", "updated_on": "2016-04-13T20:46:54.540Z", "tooth": 1, "patient": 5}}, {"model": "odontology.patienttooth", "pk": 99, "fields": {"created_on": "2016-04-13T20:46:54.587Z", "updated_on": "2016-04-13T20:46:54.587Z", "tooth": 2, "patient": 5}}, {"model": "odontology.patienttooth", "pk": 100, "fields": {"created_on": "2016-04-13T20:46:54.595Z", "updated_on": "2016-04-13T20:46:54.595Z", "tooth": 3, "patient": 5}}, {"model": "odontology.patienttooth", "pk": 101, "fields": {"created_on": "2016-04-13T20:46:54.604Z", "updated_on": "2016-04-13T20:46:54.604Z", "tooth": 4, "patient": 5}}, {"model": "odontology.patienttooth", "pk": 102, "fields": {"created_on": "2016-04-13T20:46:54.612Z", "updated_on": "2016-04-13T20:46:54.612Z", "tooth": 5, "patient": 5}}, {"model": "odontology.patienttooth", "pk": 103, "fields": {"created_on": "2016-04-13T20:46:54.621Z", "updated_on": "2016-04-13T20:46:54.621Z", "tooth": 6, "patient": 5}}, {"model": "odontology.patienttooth", "pk": 104, "fields": {"created_on": "2016-04-13T20:46:54.629Z", "updated_on": "2016-04-13T20:46:54.629Z", "tooth": 7, "patient": 5}}, {"model": "odontology.patienttooth", "pk": 105, "fields": {"created_on": "2016-04-13T20:46:54.637Z", "updated_on": "2016-04-13T20:46:54.637Z", "tooth": 8, "patient": 5}}, {"model": "odontology.patienttooth", "pk": 106, "fields": {"created_on": "2016-04-13T20:46:54.645Z", "updated_on": "2016-04-13T20:46:54.645Z", "tooth": 9, "patient": 5}}, {"model": "odontology.patienttooth", "pk": 107, "fields": {"created_on": "2016-04-13T20:46:54.654Z", "updated_on": "2016-04-13T20:46:54.654Z", "tooth": 10, "patient": 5}}, {"model": "odontology.patienttooth", "pk": 108, "fields": {"created_on": "2016-04-13T20:46:54.662Z", "updated_on": "2016-04-13T20:46:54.662Z", "tooth": 11, "patient": 5}}, {"model": "odontology.patienttooth", "pk": 109, "fields": {"created_on": "2016-04-13T20:46:54.670Z", "updated_on": "2016-04-13T20:46:54.671Z", "tooth": 12, "patient": 5}}, {"model": "odontology.patienttooth", "pk": 110, "fields": {"created_on": "2016-04-13T20:46:54.679Z", "updated_on": "2016-04-13T20:46:54.679Z", "tooth": 13, "patient": 5}}, {"model": "odontology.patienttooth", "pk": 111, "fields": {"created_on": "2016-04-13T20:46:54.687Z", "updated_on": "2016-04-13T20:46:54.687Z", "tooth": 14, "patient": 5}}, {"model": "odontology.patienttooth", "pk": 112, "fields": {"created_on": "2016-04-13T20:46:54.696Z", "updated_on": "2016-04-13T20:46:54.696Z", "tooth": 15, "patient": 5}}, {"model": "odontology.patienttooth", "pk": 113, "fields": {"created_on": "2016-04-13T20:46:54.704Z", "updated_on": "2016-04-13T20:46:54.704Z", "tooth": 16, "patient": 5}}, {"model": "odontology.patienttooth", "pk": 114, "fields": {"created_on": "2016-04-13T20:46:54.712Z", "updated_on": "2016-04-13T20:46:54.712Z", "tooth": 17, "patient": 5}}, {"model": "odontology.patienttooth", "pk": 115, "fields": {"created_on": "2016-04-13T20:46:54.721Z", "updated_on": "2016-04-13T20:46:54.721Z", "tooth": 18, "patient": 5}}, {"model": "odontology.patienttooth", "pk": 116, "fields": {"created_on": "2016-04-13T20:46:54.729Z", "updated_on": "2016-04-13T20:46:54.729Z", "tooth": 19, "patient": 5}}, {"model": "odontology.patienttooth", "pk": 117, "fields": {"created_on": "2016-04-13T20:46:54.737Z", "updated_on": "2016-04-13T20:46:54.737Z", "tooth": 20, "patient": 5}}, {"model": "odontology.patienttooth", "pk": 118, "fields": {"created_on": "2016-04-13T20:46:54.746Z", "updated_on": "2016-04-13T20:46:54.746Z", "tooth": 21, "patient": 5}}, {"model": "odontology.patienttooth", "pk": 119, "fields": {"created_on": "2016-04-13T20:46:54.754Z", "updated_on": "2016-04-13T20:46:54.754Z", "tooth": 22, "patient": 5}}, {"model": "odontology.patienttooth", "pk": 120, "fields": {"created_on": "2016-04-13T20:46:54.762Z", "updated_on": "2016-04-13T20:46:54.762Z", "tooth": 23, "patient": 5}}, {"model": "odontology.patienttooth", "pk": 121, "fields": {"created_on": "2016-04-13T20:46:54.770Z", "updated_on": "2016-04-13T20:46:54.770Z", "tooth": 24, "patient": 5}}, {"model": "odontology.patienttooth", "pk": 122, "fields": {"created_on": "2016-04-13T20:46:54.779Z", "updated_on": "2016-04-13T20:46:54.779Z", "tooth": 25, "patient": 5}}, {"model": "odontology.patienttooth", "pk": 123, "fields": {"created_on": "2016-04-13T20:46:54.787Z", "updated_on": "2016-04-13T20:46:54.787Z", "tooth": 26, "patient": 5}}, {"model": "odontology.patienttooth", "pk": 124, "fields": {"created_on": "2016-04-13T20:46:54.795Z", "updated_on": "2016-04-13T20:46:54.795Z", "tooth": 27, "patient": 5}}, {"model": "odontology.patienttooth", "pk": 125, "fields": {"created_on": "2016-04-13T20:46:54.804Z", "updated_on": "2016-04-13T20:46:54.804Z", "tooth": 28, "patient": 5}}, {"model": "odontology.patienttooth", "pk": 126, "fields": {"created_on": "2016-04-13T20:46:54.812Z", "updated_on": "2016-04-13T20:46:54.812Z", "tooth": 29, "patient": 5}}, {"model": "odontology.patienttooth", "pk": 127, "fields": {"created_on": "2016-04-13T20:46:54.821Z", "updated_on": "2016-04-13T20:46:54.821Z", "tooth": 30, "patient": 5}}, {"model": "odontology.patienttooth", "pk": 128, "fields": {"created_on": "2016-04-13T20:46:54.829Z", "updated_on": "2016-04-13T20:46:54.829Z", "tooth": 31, "patient": 5}}, {"model": "odontology.patienttooth", "pk": 129, "fields": {"created_on": "2016-04-13T20:46:54.837Z", "updated_on": "2016-04-13T20:46:54.837Z", "tooth": 32, "patient": 5}}, {"model": "odontology.patienttooth", "pk": 130, "fields": {"created_on": "2016-04-22T20:46:57.725Z", "updated_on": "2016-04-22T20:46:57.725Z", "tooth": 1, "patient": 6}}, {"model": "odontology.patienttooth", "pk": 131, "fields": {"created_on": "2016-04-22T20:46:57.798Z", "updated_on": "2016-04-22T20:46:57.798Z", "tooth": 2, "patient": 6}}, {"model": "odontology.patienttooth", "pk": 132, "fields": {"created_on": "2016-04-22T20:46:57.806Z", "updated_on": "2016-04-22T20:46:57.806Z", "tooth": 3, "patient": 6}}, {"model": "odontology.patienttooth", "pk": 133, "fields": {"created_on": "2016-04-22T20:46:57.814Z", "updated_on": "2016-04-22T20:46:57.814Z", "tooth": 4, "patient": 6}}, {"model": "odontology.patienttooth", "pk": 134, "fields": {"created_on": "2016-04-22T20:46:57.822Z", "updated_on": "2016-04-22T20:46:57.823Z", "tooth": 5, "patient": 6}}, {"model": "odontology.patienttooth", "pk": 135, "fields": {"created_on": "2016-04-22T20:46:57.831Z", "updated_on": "2016-04-22T20:46:57.831Z", "tooth": 6, "patient": 6}}, {"model": "odontology.patienttooth", "pk": 136, "fields": {"created_on": "2016-04-22T20:46:57.839Z", "updated_on": "2016-04-22T20:46:57.839Z", "tooth": 7, "patient": 6}}, {"model": "odontology.patienttooth", "pk": 137, "fields": {"created_on": "2016-04-22T20:46:57.848Z", "updated_on": "2016-04-22T20:46:57.848Z", "tooth": 8, "patient": 6}}, {"model": "odontology.patienttooth", "pk": 138, "fields": {"created_on": "2016-04-22T20:46:57.856Z", "updated_on": "2016-04-22T20:46:57.856Z", "tooth": 9, "patient": 6}}, {"model": "odontology.patienttooth", "pk": 139, "fields": {"created_on": "2016-04-22T20:46:57.864Z", "updated_on": "2016-04-22T20:46:57.864Z", "tooth": 10, "patient": 6}}, {"model": "odontology.patienttooth", "pk": 140, "fields": {"created_on": "2016-04-22T20:46:57.873Z", "updated_on": "2016-04-22T20:46:57.873Z", "tooth": 11, "patient": 6}}, {"model": "odontology.patienttooth", "pk": 141, "fields": {"created_on": "2016-04-22T20:46:57.881Z", "updated_on": "2016-04-22T20:46:57.881Z", "tooth": 12, "patient": 6}}, {"model": "odontology.patienttooth", "pk": 142, "fields": {"created_on": "2016-04-22T20:46:57.889Z", "updated_on": "2016-04-22T20:46:57.889Z", "tooth": 13, "patient": 6}}, {"model": "odontology.patienttooth", "pk": 143, "fields": {"created_on": "2016-04-22T20:46:57.898Z", "updated_on": "2016-04-22T20:46:57.898Z", "tooth": 14, "patient": 6}}, {"model": "odontology.patienttooth", "pk": 144, "fields": {"created_on": "2016-04-22T20:46:57.906Z", "updated_on": "2016-04-22T20:46:57.906Z", "tooth": 15, "patient": 6}}, {"model": "odontology.patienttooth", "pk": 145, "fields": {"created_on": "2016-04-22T20:46:57.914Z", "updated_on": "2016-04-22T20:46:57.914Z", "tooth": 16, "patient": 6}}, {"model": "odontology.patienttooth", "pk": 146, "fields": {"created_on": "2016-04-22T20:46:57.923Z", "updated_on": "2016-04-22T20:46:57.923Z", "tooth": 17, "patient": 6}}, {"model": "odontology.patienttooth", "pk": 147, "fields": {"created_on": "2016-04-22T20:46:57.931Z", "updated_on": "2016-04-22T20:46:57.931Z", "tooth": 18, "patient": 6}}, {"model": "odontology.patienttooth", "pk": 148, "fields": {"created_on": "2016-04-22T20:46:57.939Z", "updated_on": "2016-04-22T20:46:57.939Z", "tooth": 19, "patient": 6}}, {"model": "odontology.patienttooth", "pk": 149, "fields": {"created_on": "2016-04-22T20:46:57.948Z", "updated_on": "2016-04-22T20:46:57.948Z", "tooth": 20, "patient": 6}}, {"model": "odontology.patienttooth", "pk": 150, "fields": {"created_on": "2016-04-22T20:46:57.956Z", "updated_on": "2016-04-22T20:46:57.956Z", "tooth": 21, "patient": 6}}, {"model": "odontology.patienttooth", "pk": 151, "fields": {"created_on": "2016-04-22T20:46:57.964Z", "updated_on": "2016-04-22T20:46:57.964Z", "tooth": 22, "patient": 6}}, {"model": "odontology.patienttooth", "pk": 152, "fields": {"created_on": "2016-04-22T20:46:57.972Z", "updated_on": "2016-04-22T20:46:57.973Z", "tooth": 23, "patient": 6}}, {"model": "odontology.patienttooth", "pk": 153, "fields": {"created_on": "2016-04-22T20:46:57.981Z", "updated_on": "2016-04-22T20:46:57.981Z", "tooth": 24, "patient": 6}}, {"model": "odontology.patienttooth", "pk": 154, "fields": {"created_on": "2016-04-22T20:46:57.989Z", "updated_on": "2016-04-22T20:46:57.989Z", "tooth": 25, "patient": 6}}, {"model": "odontology.patienttooth", "pk": 155, "fields": {"created_on": "2016-04-22T20:46:57.998Z", "updated_on": "2016-04-22T20:46:57.998Z", "tooth": 26, "patient": 6}}, {"model": "odontology.patienttooth", "pk": 156, "fields": {"created_on": "2016-04-22T20:46:58.006Z", "updated_on": "2016-04-22T20:46:58.006Z", "tooth": 27, "patient": 6}}, {"model": "odontology.patienttooth", "pk": 157, "fields": {"created_on": "2016-04-22T20:46:58.014Z", "updated_on": "2016-04-22T20:46:58.014Z", "tooth": 28, "patient": 6}}, {"model": "odontology.patienttooth", "pk": 158, "fields": {"created_on": "2016-04-22T20:46:58.023Z", "updated_on": "2016-04-22T20:46:58.023Z", "tooth": 29, "patient": 6}}, {"model": "odontology.patienttooth", "pk": 159, "fields": {"created_on": "2016-04-22T20:46:58.031Z", "updated_on": "2016-04-22T20:46:58.031Z", "tooth": 30, "patient": 6}}, {"model": "odontology.patienttooth", "pk": 160, "fields": {"created_on": "2016-04-22T20:46:58.039Z", "updated_on": "2016-04-22T20:46:58.039Z", "tooth": 31, "patient": 6}}, {"model": "odontology.patienttooth", "pk": 161, "fields": {"created_on": "2016-04-22T20:46:58.048Z", "updated_on": "2016-04-22T20:46:58.048Z", "tooth": 32, "patient": 6}}, {"model": "odontology.patienttooth", "pk": 162, "fields": {"created_on": "2016-05-04T19:19:10.185Z", "updated_on": "2016-05-04T19:19:10.185Z", "tooth": 1, "patient": 7}}, {"model": "odontology.patienttooth", "pk": 163, "fields": {"created_on": "2016-05-04T19:19:10.209Z", "updated_on": "2016-05-04T19:19:10.209Z", "tooth": 2, "patient": 7}}, {"model": "odontology.patienttooth", "pk": 164, "fields": {"created_on": "2016-05-04T19:19:10.217Z", "updated_on": "2016-05-04T19:19:10.217Z", "tooth": 3, "patient": 7}}, {"model": "odontology.patienttooth", "pk": 165, "fields": {"created_on": "2016-05-04T19:19:10.226Z", "updated_on": "2016-05-04T19:19:10.226Z", "tooth": 4, "patient": 7}}, {"model": "odontology.patienttooth", "pk": 166, "fields": {"created_on": "2016-05-04T19:19:10.234Z", "updated_on": "2016-05-04T19:19:10.234Z", "tooth": 5, "patient": 7}}, {"model": "odontology.patienttooth", "pk": 167, "fields": {"created_on": "2016-05-04T19:19:10.242Z", "updated_on": "2016-05-04T19:19:10.243Z", "tooth": 6, "patient": 7}}, {"model": "odontology.patienttooth", "pk": 168, "fields": {"created_on": "2016-05-04T19:19:10.251Z", "updated_on": "2016-05-04T19:19:10.251Z", "tooth": 7, "patient": 7}}, {"model": "odontology.patienttooth", "pk": 169, "fields": {"created_on": "2016-05-04T19:19:10.259Z", "updated_on": "2016-05-04T19:19:10.259Z", "tooth": 8, "patient": 7}}, {"model": "odontology.patienttooth", "pk": 170, "fields": {"created_on": "2016-05-04T19:19:10.267Z", "updated_on": "2016-05-04T19:19:10.267Z", "tooth": 9, "patient": 7}}, {"model": "odontology.patienttooth", "pk": 171, "fields": {"created_on": "2016-05-04T19:19:10.276Z", "updated_on": "2016-05-04T19:19:10.276Z", "tooth": 10, "patient": 7}}, {"model": "odontology.patienttooth", "pk": 172, "fields": {"created_on": "2016-05-04T19:19:10.284Z", "updated_on": "2016-05-04T19:19:10.284Z", "tooth": 11, "patient": 7}}, {"model": "odontology.patienttooth", "pk": 173, "fields": {"created_on": "2016-05-04T19:19:10.292Z", "updated_on": "2016-05-04T19:19:10.293Z", "tooth": 12, "patient": 7}}, {"model": "odontology.patienttooth", "pk": 174, "fields": {"created_on": "2016-05-04T19:19:10.301Z", "updated_on": "2016-05-04T19:19:10.301Z", "tooth": 13, "patient": 7}}, {"model": "odontology.patienttooth", "pk": 175, "fields": {"created_on": "2016-05-04T19:19:10.309Z", "updated_on": "2016-05-04T19:19:10.309Z", "tooth": 14, "patient": 7}}, {"model": "odontology.patienttooth", "pk": 176, "fields": {"created_on": "2016-05-04T19:19:10.317Z", "updated_on": "2016-05-04T19:19:10.318Z", "tooth": 15, "patient": 7}}, {"model": "odontology.patienttooth", "pk": 177, "fields": {"created_on": "2016-05-04T19:19:10.326Z", "updated_on": "2016-05-04T19:19:10.326Z", "tooth": 16, "patient": 7}}, {"model": "odontology.patienttooth", "pk": 178, "fields": {"created_on": "2016-05-04T19:19:10.334Z", "updated_on": "2016-05-04T19:19:10.334Z", "tooth": 17, "patient": 7}}, {"model": "odontology.patienttooth", "pk": 179, "fields": {"created_on": "2016-05-04T19:19:10.342Z", "updated_on": "2016-05-04T19:19:10.342Z", "tooth": 18, "patient": 7}}, {"model": "odontology.patienttooth", "pk": 180, "fields": {"created_on": "2016-05-04T19:19:10.351Z", "updated_on": "2016-05-04T19:19:10.351Z", "tooth": 19, "patient": 7}}, {"model": "odontology.patienttooth", "pk": 181, "fields": {"created_on": "2016-05-04T19:19:10.359Z", "updated_on": "2016-05-04T19:19:10.359Z", "tooth": 20, "patient": 7}}, {"model": "odontology.patienttooth", "pk": 182, "fields": {"created_on": "2016-05-04T19:19:10.367Z", "updated_on": "2016-05-04T19:19:10.367Z", "tooth": 21, "patient": 7}}, {"model": "odontology.patienttooth", "pk": 183, "fields": {"created_on": "2016-05-04T19:19:10.376Z", "updated_on": "2016-05-04T19:19:10.376Z", "tooth": 22, "patient": 7}}, {"model": "odontology.patienttooth", "pk": 184, "fields": {"created_on": "2016-05-04T19:19:10.384Z", "updated_on": "2016-05-04T19:19:10.384Z", "tooth": 23, "patient": 7}}, {"model": "odontology.patienttooth", "pk": 185, "fields": {"created_on": "2016-05-04T19:19:10.392Z", "updated_on": "2016-05-04T19:19:10.392Z", "tooth": 24, "patient": 7}}, {"model": "odontology.patienttooth", "pk": 186, "fields": {"created_on": "2016-05-04T19:19:10.401Z", "updated_on": "2016-05-04T19:19:10.401Z", "tooth": 25, "patient": 7}}, {"model": "odontology.patienttooth", "pk": 187, "fields": {"created_on": "2016-05-04T19:19:10.409Z", "updated_on": "2016-05-04T19:19:10.409Z", "tooth": 26, "patient": 7}}, {"model": "odontology.patienttooth", "pk": 188, "fields": {"created_on": "2016-05-04T19:19:10.417Z", "updated_on": "2016-05-04T19:19:10.417Z", "tooth": 27, "patient": 7}}, {"model": "odontology.patienttooth", "pk": 189, "fields": {"created_on": "2016-05-04T19:19:10.426Z", "updated_on": "2016-05-04T19:19:10.426Z", "tooth": 28, "patient": 7}}, {"model": "odontology.patienttooth", "pk": 190, "fields": {"created_on": "2016-05-04T19:19:10.434Z", "updated_on": "2016-05-04T19:19:10.434Z", "tooth": 29, "patient": 7}}, {"model": "odontology.patienttooth", "pk": 191, "fields": {"created_on": "2016-05-04T19:19:10.442Z", "updated_on": "2016-05-04T19:19:10.443Z", "tooth": 30, "patient": 7}}, {"model": "odontology.patienttooth", "pk": 192, "fields": {"created_on": "2016-05-04T19:19:10.451Z", "updated_on": "2016-05-04T19:19:10.451Z", "tooth": 31, "patient": 7}}, {"model": "odontology.patienttooth", "pk": 193, "fields": {"created_on": "2016-05-04T19:19:10.459Z", "updated_on": "2016-05-04T19:19:10.459Z", "tooth": 32, "patient": 7}}, {"model": "odontology.proceduredental", "pk": 1, "fields": {"created_on": "2016-01-28T20:52:58.717Z", "updated_on": "2016-01-28T20:52:58.717Z", "name": "Restaura\u00e7\u00e3o Resina", "description": "Restaura\u00e7\u00e3o Resina"}}, {"model": "odontology.proceduredental", "pk": 2, "fields": {"created_on": "2016-01-28T20:52:58.717Z", "updated_on": "2016-01-28T20:52:58.717Z", "name": "Restaura\u00e7\u00e3o Amalgama", "description": "Restaura\u00e7\u00e3o Amalgama"}}, {"model": "odontology.proceduredental", "pk": 3, "fields": {"created_on": "2016-01-28T20:52:58.717Z", "updated_on": "2016-01-28T20:52:58.717Z", "name": "Restaura\u00e7\u00e3o Ion\u00f4mero", "description": "Restaura\u00e7\u00e3o Ion\u00f4mero"}}, {"model": "odontology.proceduredental", "pk": 4, "fields": {"created_on": "2016-01-28T20:52:58.717Z", "updated_on": "2016-01-28T20:52:58.717Z", "name": "Restaura\u00e7\u00e3o Provis\u00f3ria", "description": "Restaura\u00e7\u00e3o Provis\u00f3ria"}}, {"model": "odontology.proceduredental", "pk": 5, "fields": {"created_on": "2016-01-28T20:53:12.066Z", "updated_on": "2016-01-28T20:53:12.066Z", "name": "Cariado", "description": "Cariado"}}, {"model": "odontology.proceduredental", "pk": 6, "fields": {"created_on": "2016-01-28T20:53:12.066Z", "updated_on": "2016-01-28T20:53:12.066Z", "name": "Restaura\u00e7\u00e3o a ser feita", "description": "Restaura\u00e7\u00e3o a ser feita"}}, {"model": "odontology.proceduredental", "pk": 7, "fields": {"created_on": "2016-01-28T20:53:12.066Z", "updated_on": "2016-01-28T20:53:12.066Z", "name": "Indicado para extra\u00e7\u00e3o", "description": "Indicado para extra\u00e7\u00e3o"}}, {"model": "odontology.proceduredental", "pk": 8, "fields": {"created_on": "2016-01-28T20:53:12.066Z", "updated_on": "2016-01-28T20:53:12.066Z", "name": "Extra\u00eddo ou ausente", "description": "Extra\u00eddo ou ausente"}}, {"model": "odontology.proceduredental", "pk": 9, "fields": {"created_on": "2016-01-28T20:53:12.066Z", "updated_on": "2016-01-28T20:53:12.066Z", "name": "Protese Fixa", "description": "Protese Fixa"}}, {"model": "odontology.oralprocedure", "pk": 1, "fields": {"created_on": "2016-01-28T20:53:46.933Z", "updated_on": "2016-03-21T14:36:59.382Z", "name": "Tartarectomia", "description": "Tartarectomia"}}, {"model": "odontology.oralprocedure", "pk": 2, "fields": {"created_on": "2016-01-28T20:53:59.713Z", "updated_on": "2016-04-08T18:14:52.452Z", "name": "Fl\u00faor", "description": "Fl\u00faor"}}, {"model": "odontology.oralprocedure", "pk": 3, "fields": {"created_on": "2016-01-28T20:54:16.756Z", "updated_on": "2016-03-21T14:37:17.704Z", "name": "Profilaxia", "description": "Profilaxia"}}, {"model": "odontology.oralprocedure", "pk": 4, "fields": {"created_on": "2016-03-21T14:39:22.188Z", "updated_on": "2016-03-21T14:39:22.188Z", "name": "Remo\u00e7\u00e3o de Pontos", "description": "Remo\u00e7\u00e3o de Pontos"}}, {"model": "odontology.oralprocedure", "pk": 5, "fields": {"created_on": "2016-03-21T14:40:47.231Z", "updated_on": "2016-03-21T14:40:47.231Z", "name": "Drenagem de Absesso", "description": "Drenagem de Absesso"}}, {"model": "odontology.oralprocedure", "pk": 6, "fields": {"created_on": "2016-03-23T12:12:54.177Z", "updated_on": "2016-03-23T12:12:54.177Z", "name": "Instru\u00e7\u00e3o de Higiene Oral", "description": "Instru\u00e7\u00e3o de Higiene Oral"}}, {"model": "odontology.exams", "pk": 1, "fields": {"created_on": "2016-03-22T11:46:38.931Z", "updated_on": "2016-03-23T12:15:20.300Z", "name": "RX interproximal", "description": "RX interproximal"}}, {"model": "odontology.exams", "pk": 2, "fields": {"created_on": "2016-03-22T11:48:55.635Z", "updated_on": "2016-03-23T12:14:41.967Z", "name": "RX periapical", "description": "RX periapical"}}, {"model": "odontology.exams", "pk": 3, "fields": {"created_on": "2016-03-23T12:15:34.365Z", "updated_on": "2016-03-23T12:15:34.365Z", "name": "RX oclusal", "description": "RX oclusal"}}, {"model": "odontology.exams", "pk": 4, "fields": {"created_on": "2016-03-23T12:15:45.265Z", "updated_on": "2016-03-23T12:15:45.265Z", "name": "RX panor\u00e2mico", "description": "RX panor\u00e2mico"}}, {"model": "odontology.exams", "pk": 5, "fields": {"created_on": "2016-03-23T12:16:02.180Z", "updated_on": "2016-03-23T12:16:02.180Z", "name": "RX lateral", "description": "RX lateral"}}, {"model": "odontology.exams", "pk": 6, "fields": {"created_on": "2016-03-23T12:16:15.290Z", "updated_on": "2016-03-23T12:16:15.290Z", "name": "RX lateral obl\u00edqua", "description": "RX lateral obl\u00edqua"}}, {"model": "odontology.exams", "pk": 7, "fields": {"created_on": "2016-03-23T12:17:30.490Z", "updated_on": "2016-03-23T12:17:30.490Z", "name": "RX de Waters", "description": "RX de Waters"}}, {"model": "odontology.exams", "pk": 8, "fields": {"created_on": "2016-03-23T12:17:39.164Z", "updated_on": "2016-03-23T12:17:39.164Z", "name": "RX de Towne", "description": "RX de Towne"}}, {"model": "odontology.exams", "pk": 9, "fields": {"created_on": "2016-03-23T12:17:48.176Z", "updated_on": "2016-03-23T12:17:48.176Z", "name": "RX de Towne modificada", "description": "RX de Towne modificada"}}, {"model": "odontology.exams", "pk": 10, "fields": {"created_on": "2016-03-23T12:17:58.079Z", "updated_on": "2016-03-23T12:17:58.079Z", "name": "RX telerradiogr\u00e1fico", "description": "RX telerradiogr\u00e1fico"}}, {"model": "odontology.exams", "pk": 11, "fields": {"created_on": "2016-03-23T12:21:06.026Z", "updated_on": "2016-03-23T12:21:06.026Z", "name": "Hemograma Completo", "description": "Hemograma Completo"}}, {"model": "odontology.exams", "pk": 12, "fields": {"created_on": "2016-03-23T12:22:04.587Z", "updated_on": "2016-03-23T12:22:04.587Z", "name": "Coagulograma", "description": "Coagulograma"}}, {"model": "odontology.exams", "pk": 13, "fields": {"created_on": "2016-03-23T12:22:28.308Z", "updated_on": "2016-03-23T12:22:28.308Z", "name": "Glicemia em jejum", "description": "Glicemia em jejum"}}, {"model": "odontology.examinationsolicitation", "pk": 2, "fields": {"created_on": "2016-04-13T13:54:50.627Z", "updated_on": "2016-04-13T13:54:50.627Z", "exams": 2, "consultation": 8, "appraisal": "RX dente 44"}}, {"model": "odontology.examinationsolicitation", "pk": 3, "fields": {"created_on": "2016-04-18T20:31:38.260Z", "updated_on": "2016-04-18T20:31:38.260Z", "exams": 2, "consultation": 10, "appraisal": "Dente 31 cariado"}}, {"model": "odontology.examinationsolicitation", "pk": 4, "fields": {"created_on": "2016-05-04T19:20:57.995Z", "updated_on": "2016-05-04T19:20:57.995Z", "exams": 2, "consultation": 15, "appraisal": "Dente 45 cariado"}}, {"model": "auth.permission", "pk": 1, "fields": {"name": "Can add log entry", "content_type": 1, "codename": "add_logentry"}}, {"model": "auth.permission", "pk": 2, "fields": {"name": "Can change log entry", "content_type": 1, "codename": "change_logentry"}}, {"model": "auth.permission", "pk": 3, "fields": {"name": "Can delete log entry", "content_type": 1, "codename": "delete_logentry"}}, {"model": "auth.permission", "pk": 4, "fields": {"name": "Can add permission", "content_type": 2, "codename": "add_permission"}}, {"model": "auth.permission", "pk": 5, "fields": {"name": "Can change permission", "content_type": 2, "codename": "change_permission"}}, {"model": "auth.permission", "pk": 6, "fields": {"name": "Can delete permission", "content_type": 2, "codename": "delete_permission"}}, {"model": "auth.permission", "pk": 7, "fields": {"name": "Can add group", "content_type": 3, "codename": "add_group"}}, {"model": "auth.permission", "pk": 8, "fields": {"name": "Can change group", "content_type": 3, "codename": "change_group"}}, {"model": "auth.permission", "pk": 9, "fields": {"name": "Can delete group", "content_type": 3, "codename": "delete_group"}}, {"model": "auth.permission", "pk": 10, "fields": {"name": "Can add user", "content_type": 4, "codename": "add_user"}}, {"model": "auth.permission", "pk": 11, "fields": {"name": "Can change user", "content_type": 4, "codename": "change_user"}}, {"model": "auth.permission", "pk": 12, "fields": {"name": "Can delete user", "content_type": 4, "codename": "delete_user"}}, {"model": "auth.permission", "pk": 13, "fields": {"name": "Can add content type", "content_type": 5, "codename": "add_contenttype"}}, {"model": "auth.permission", "pk": 14, "fields": {"name": "Can change content type", "content_type": 5, "codename": "change_contenttype"}}, {"model": "auth.permission", "pk": 15, "fields": {"name": "Can delete content type", "content_type": 5, "codename": "delete_contenttype"}}, {"model": "auth.permission", "pk": 16, "fields": {"name": "Can add session", "content_type": 6, "codename": "add_session"}}, {"model": "auth.permission", "pk": 17, "fields": {"name": "Can change session", "content_type": 6, "codename": "change_session"}}, {"model": "auth.permission", "pk": 18, "fields": {"name": "Can delete session", "content_type": 6, "codename": "delete_session"}}, {"model": "auth.permission", "pk": 19, "fields": {"name": "Can add user", "content_type": 7, "codename": "add_dentist"}}, {"model": "auth.permission", "pk": 20, "fields": {"name": "Can change user", "content_type": 7, "codename": "change_dentist"}}, {"model": "auth.permission", "pk": 21, "fields": {"name": "Can delete user", "content_type": 7, "codename": "delete_dentist"}}, {"model": "auth.permission", "pk": 22, "fields": {"name": "Can add course", "content_type": 8, "codename": "add_course"}}, {"model": "auth.permission", "pk": 23, "fields": {"name": "Can change course", "content_type": 8, "codename": "change_course"}}, {"model": "auth.permission", "pk": 24, "fields": {"name": "Can delete course", "content_type": 8, "codename": "delete_course"}}, {"model": "auth.permission", "pk": 25, "fields": {"name": "Can add tooth", "content_type": 9, "codename": "add_tooth"}}, {"model": "auth.permission", "pk": 26, "fields": {"name": "Can change tooth", "content_type": 9, "codename": "change_tooth"}}, {"model": "auth.permission", "pk": 27, "fields": {"name": "Can delete tooth", "content_type": 9, "codename": "delete_tooth"}}, {"model": "auth.permission", "pk": 28, "fields": {"name": "Can add tooth division", "content_type": 10, "codename": "add_toothdivision"}}, {"model": "auth.permission", "pk": 29, "fields": {"name": "Can change tooth division", "content_type": 10, "codename": "change_toothdivision"}}, {"model": "auth.permission", "pk": 30, "fields": {"name": "Can delete tooth division", "content_type": 10, "codename": "delete_toothdivision"}}, {"model": "auth.permission", "pk": 31, "fields": {"name": "Can add patient", "content_type": 11, "codename": "add_patient"}}, {"model": "auth.permission", "pk": 32, "fields": {"name": "Can change patient", "content_type": 11, "codename": "change_patient"}}, {"model": "auth.permission", "pk": 33, "fields": {"name": "Can delete patient", "content_type": 11, "codename": "delete_patient"}}, {"model": "auth.permission", "pk": 34, "fields": {"name": "Can add address", "content_type": 12, "codename": "add_address"}}, {"model": "auth.permission", "pk": 35, "fields": {"name": "Can change address", "content_type": 12, "codename": "change_address"}}, {"model": "auth.permission", "pk": 36, "fields": {"name": "Can delete address", "content_type": 12, "codename": "delete_address"}}, {"model": "auth.permission", "pk": 37, "fields": {"name": "Can add patient tooth", "content_type": 13, "codename": "add_patienttooth"}}, {"model": "auth.permission", "pk": 38, "fields": {"name": "Can change patient tooth", "content_type": 13, "codename": "change_patienttooth"}}, {"model": "auth.permission", "pk": 39, "fields": {"name": "Can delete patient tooth", "content_type": 13, "codename": "delete_patienttooth"}}, {"model": "auth.permission", "pk": 40, "fields": {"name": "Can add procedure dental", "content_type": 14, "codename": "add_proceduredental"}}, {"model": "auth.permission", "pk": 41, "fields": {"name": "Can change procedure dental", "content_type": 14, "codename": "change_proceduredental"}}, {"model": "auth.permission", "pk": 42, "fields": {"name": "Can delete procedure dental", "content_type": 14, "codename": "delete_proceduredental"}}, {"model": "auth.permission", "pk": 43, "fields": {"name": "Can add oral procedure", "content_type": 15, "codename": "add_oralprocedure"}}, {"model": "auth.permission", "pk": 44, "fields": {"name": "Can change oral procedure", "content_type": 15, "codename": "change_oralprocedure"}}, {"model": "auth.permission", "pk": 45, "fields": {"name": "Can delete oral procedure", "content_type": 15, "codename": "delete_oralprocedure"}}, {"model": "auth.permission", "pk": 46, "fields": {"name": "Can add consultation", "content_type": 16, "codename": "add_consultation"}}, {"model": "auth.permission", "pk": 47, "fields": {"name": "Can change consultation", "content_type": 16, "codename": "change_consultation"}}, {"model": "auth.permission", "pk": 48, "fields": {"name": "Can delete consultation", "content_type": 16, "codename": "delete_consultation"}}, {"model": "auth.permission", "pk": 49, "fields": {"name": "Can add patient dental procedure", "content_type": 17, "codename": "add_patientdentalprocedure"}}, {"model": "auth.permission", "pk": 50, "fields": {"name": "Can change patient dental procedure", "content_type": 17, "codename": "change_patientdentalprocedure"}}, {"model": "auth.permission", "pk": 51, "fields": {"name": "Can delete patient dental procedure", "content_type": 17, "codename": "delete_patientdentalprocedure"}}, {"model": "auth.permission", "pk": 52, "fields": {"name": "Can add oral patient procedure", "content_type": 18, "codename": "add_oralpatientprocedure"}}, {"model": "auth.permission", "pk": 53, "fields": {"name": "Can change oral patient procedure", "content_type": 18, "codename": "change_oralpatientprocedure"}}, {"model": "auth.permission", "pk": 54, "fields": {"name": "Can delete oral patient procedure", "content_type": 18, "codename": "delete_oralpatientprocedure"}}, {"model": "auth.permission", "pk": 55, "fields": {"name": "Can add exams", "content_type": 19, "codename": "add_exams"}}, {"model": "auth.permission", "pk": 56, "fields": {"name": "Can change exams", "content_type": 19, "codename": "change_exams"}}, {"model": "auth.permission", "pk": 57, "fields": {"name": "Can delete exams", "content_type": 19, "codename": "delete_exams"}}, {"model": "auth.permission", "pk": 58, "fields": {"name": "Can add examination solicitation", "content_type": 20, "codename": "add_examinationsolicitation"}}, {"model": "auth.permission", "pk": 59, "fields": {"name": "Can change examination solicitation", "content_type": 20, "codename": "change_examinationsolicitation"}}, {"model": "auth.permission", "pk": 60, "fields": {"name": "Can delete examination solicitation", "content_type": 20, "codename": "delete_examinationsolicitation"}}, {"model": "auth.user", "pk": 1, "fields": {"password": "pbkdf2_sha256$24000$Mo9PtRmGU0R5$nkmMZMsPHiuZ8IerkC/9i6CC1gr4oDuVP8psN6mMK/E=", "last_login": "2016-04-22T21:36:51.350Z", "is_superuser": true, "username": "nonato", "first_name": "Nonato", "last_name": "Sales", "email": "nrdesales@hotmail.com", "is_staff": true, "is_active": true, "date_joined": "2016-02-04T22:58:29Z", "groups": [], "user_permissions": []}}, {"model": "auth.user", "pk": 2, "fields": {"password": "pbkdf2_sha256$24000$erdjrWJR042s$R6TuSyCmc2P5JMJwWGYpQqp2u8Yr+1AMbbfIeOFY/WI=", "last_login": "2016-05-04T19:17:12.039Z", "is_superuser": false, "username": "anavirginia", "first_name": "Ana Virginia", "last_name": "Castro", "email": "anavnc@yahoo.com.br", "is_staff": false, "is_active": true, "date_joined": "2016-02-05T17:02:40Z", "groups": [], "user_permissions": []}}, {"model": "odontology.dentist", "pk": 2, "fields": {"created_on": "2016-02-05T17:02:40.795Z", "updated_on": "2016-04-13T14:21:38.807Z", "sex": "F", "marital_status": "CASADO", "birth_date": "1989-02-25", "cro": "1899", "specialty": "Cirurgi\u00e3 - Dentista", "phone": "(89) 0 3422-3004", "groups": [], "user_permissions": []}}, {"model": "odontology.consultation", "pk": 2, "fields": {"created_on": "2016-04-08T18:06:41.835Z", "updated_on": "2016-04-08T18:06:41.835Z", "patient": 2, "dentist": 2, "attendance": true, "lack_justified": false, "first_consultation": false, "return_consultation": true, "urgency_consultation": false, "completed_treatment": true, "radiograph": true, "clinical_examination": "Higine Bucal Otima"}}, {"model": "odontology.consultation", "pk": 3, "fields": {"created_on": "2016-04-08T18:12:29.429Z", "updated_on": "2016-04-08T18:13:07.393Z", "patient": 3, "dentist": 2, "attendance": true, "lack_justified": false, "first_consultation": true, "return_consultation": false, "urgency_consultation": false, "completed_treatment": false, "radiograph": false, "clinical_examination": "Higiene Bucal Excelente"}}, {"model": "odontology.consultation", "pk": 4, "fields": {"created_on": "2016-04-11T17:58:47.811Z", "updated_on": "2016-04-11T17:59:43.139Z", "patient": 4, "dentist": 2, "attendance": true, "lack_justified": false, "first_consultation": true, "return_consultation": false, "urgency_consultation": false, "completed_treatment": false, "radiograph": false, "clinical_examination": "Higiene Bucal Excelente"}}, {"model": "odontology.consultation", "pk": 5, "fields": {"created_on": "2016-04-11T21:24:21.430Z", "updated_on": "2016-04-11T21:24:21.430Z", "patient": 2, "dentist": 2, "attendance": true, "lack_justified": false, "first_consultation": false, "return_consultation": true, "urgency_consultation": false, "completed_treatment": true, "radiograph": true, "clinical_examination": ""}}, {"model": "odontology.consultation", "pk": 6, "fields": {"created_on": "2016-04-12T18:16:08.294Z", "updated_on": "2016-04-12T18:16:45.717Z", "patient": 3, "dentist": 2, "attendance": true, "lack_justified": false, "first_consultation": false, "return_consultation": true, "urgency_consultation": false, "completed_treatment": true, "radiograph": false, "clinical_examination": "Higiene Bucal OK"}}, {"model": "odontology.consultation", "pk": 7, "fields": {"created_on": "2016-04-13T12:39:55.614Z", "updated_on": "2016-04-13T12:39:55.614Z", "patient": 3, "dentist": 2, "attendance": true, "lack_justified": false, "first_consultation": false, "return_consultation": true, "urgency_consultation": false, "completed_treatment": true, "radiograph": false, "clinical_examination": ""}}, {"model": "odontology.consultation", "pk": 8, "fields": {"created_on": "2016-04-13T13:53:15.332Z", "updated_on": "2016-04-13T13:55:07.758Z", "patient": 4, "dentist": 2, "attendance": true, "lack_justified": false, "first_consultation": false, "return_consultation": true, "urgency_consultation": false, "completed_treatment": true, "radiograph": false, "clinical_examination": "Paciente com higiene bucal boa"}}, {"model": "odontology.consultation", "pk": 9, "fields": {"created_on": "2016-04-13T20:47:14.275Z", "updated_on": "2016-04-13T20:48:36.769Z", "patient": 5, "dentist": 2, "attendance": true, "lack_justified": false, "first_consultation": true, "return_consultation": false, "urgency_consultation": false, "completed_treatment": false, "radiograph": false, "clinical_examination": ""}}, {"model": "odontology.consultation", "pk": 10, "fields": {"created_on": "2016-04-18T20:31:04.516Z", "updated_on": "2016-04-18T20:31:04.516Z", "patient": 5, "dentist": 2, "attendance": true, "lack_justified": false, "first_consultation": false, "return_consultation": true, "urgency_consultation": false, "completed_treatment": true, "radiograph": false, "clinical_examination": ""}}, {"model": "odontology.consultation", "pk": 11, "fields": {"created_on": "2016-04-22T20:31:11.539Z", "updated_on": "2016-04-22T20:31:11.539Z", "patient": 5, "dentist": 2, "attendance": true, "lack_justified": false, "first_consultation": false, "return_consultation": false, "urgency_consultation": true, "completed_treatment": false, "radiograph": false, "clinical_examination": ""}}, {"model": "odontology.consultation", "pk": 12, "fields": {"created_on": "2016-04-22T20:47:12.713Z", "updated_on": "2016-04-22T20:47:12.713Z", "patient": 6, "dentist": 2, "attendance": true, "lack_justified": false, "first_consultation": true, "return_consultation": false, "urgency_consultation": false, "completed_treatment": false, "radiograph": false, "clinical_examination": ""}}, {"model": "odontology.consultation", "pk": 13, "fields": {"created_on": "2016-04-22T21:50:03.954Z", "updated_on": "2016-04-22T21:50:03.954Z", "patient": 4, "dentist": 2, "attendance": true, "lack_justified": false, "first_consultation": false, "return_consultation": false, "urgency_consultation": false, "completed_treatment": true, "radiograph": false, "clinical_examination": ""}}, {"model": "odontology.consultation", "pk": 15, "fields": {"created_on": "2016-05-04T19:19:37.012Z", "updated_on": "2016-05-04T19:19:37.012Z", "patient": 7, "dentist": 2, "attendance": true, "lack_justified": false, "first_consultation": true, "return_consultation": false, "urgency_consultation": false, "completed_treatment": false, "radiograph": false, "clinical_examination": ""}}, {"model": "odontology.patientdentalprocedure", "pk": 2, "fields": {"created_on": "2016-04-08T18:07:04.819Z", "updated_on": "2016-04-08T18:07:04.819Z", "patient_tooth": 24, "tooth_division": 4, "procedure_dental": 3, "dentist": 2, "consultation": 2}}, {"model": "odontology.patientdentalprocedure", "pk": 3, "fields": {"created_on": "2016-04-08T18:12:47.340Z", "updated_on": "2016-04-08T18:12:47.341Z", "patient_tooth": 46, "tooth_division": 5, "procedure_dental": 1, "dentist": 2, "consultation": 3}}, {"model": "odontology.patientdentalprocedure", "pk": 4, "fields": {"created_on": "2016-04-11T17:59:02.688Z", "updated_on": "2016-04-11T17:59:02.688Z", "patient_tooth": 69, "tooth_division": 3, "procedure_dental": 4, "dentist": 2, "consultation": 4}}, {"model": "odontology.patientdentalprocedure", "pk": 5, "fields": {"created_on": "2016-04-11T17:59:12.337Z", "updated_on": "2016-04-11T17:59:12.337Z", "patient_tooth": 81, "tooth_division": 5, "procedure_dental": 1, "dentist": 2, "consultation": 4}}, {"model": "odontology.patientdentalprocedure", "pk": 6, "fields": {"created_on": "2016-04-11T18:44:28.487Z", "updated_on": "2016-04-11T18:44:28.487Z", "patient_tooth": 20, "tooth_division": 6, "procedure_dental": 8, "dentist": 2, "consultation": 2}}, {"model": "odontology.patientdentalprocedure", "pk": 7, "fields": {"created_on": "2016-04-11T18:45:20.881Z", "updated_on": "2016-04-11T18:45:20.881Z", "patient_tooth": 94, "tooth_division": 4, "procedure_dental": 2, "dentist": 2, "consultation": 4}}, {"model": "odontology.patientdentalprocedure", "pk": 8, "fields": {"created_on": "2016-04-11T21:24:36.778Z", "updated_on": "2016-04-11T21:24:36.778Z", "patient_tooth": 6, "tooth_division": 3, "procedure_dental": 4, "dentist": 2, "consultation": 5}}, {"model": "odontology.patientdentalprocedure", "pk": 9, "fields": {"created_on": "2016-04-12T18:16:26.154Z", "updated_on": "2016-04-12T18:16:26.154Z", "patient_tooth": 38, "tooth_division": 5, "procedure_dental": 1, "dentist": 2, "consultation": 6}}, {"model": "odontology.patientdentalprocedure", "pk": 10, "fields": {"created_on": "2016-04-13T12:40:09.415Z", "updated_on": "2016-04-13T12:40:09.415Z", "patient_tooth": 60, "tooth_division": 2, "procedure_dental": 3, "dentist": 2, "consultation": 7}}, {"model": "odontology.patientdentalprocedure", "pk": 11, "fields": {"created_on": "2016-04-13T13:54:20.188Z", "updated_on": "2016-04-13T13:54:20.188Z", "patient_tooth": 86, "tooth_division": 6, "procedure_dental": 9, "dentist": 2, "consultation": 8}}, {"model": "odontology.patientdentalprocedure", "pk": 12, "fields": {"created_on": "2016-04-13T20:47:29.231Z", "updated_on": "2016-04-13T20:47:29.231Z", "patient_tooth": 103, "tooth_division": 2, "procedure_dental": 2, "dentist": 2, "consultation": 9}}, {"model": "odontology.patientdentalprocedure", "pk": 13, "fields": {"created_on": "2016-04-13T20:47:39.968Z", "updated_on": "2016-04-13T20:47:39.968Z", "patient_tooth": 111, "tooth_division": 4, "procedure_dental": 1, "dentist": 2, "consultation": 9}}, {"model": "odontology.patientdentalprocedure", "pk": 14, "fields": {"created_on": "2016-04-13T20:47:53.150Z", "updated_on": "2016-04-13T20:47:53.150Z", "patient_tooth": 119, "tooth_division": 3, "procedure_dental": 6, "dentist": 2, "consultation": 9}}, {"model": "odontology.patientdentalprocedure", "pk": 15, "fields": {"created_on": "2016-04-13T20:48:04.706Z", "updated_on": "2016-04-13T20:48:04.706Z", "patient_tooth": 126, "tooth_division": 5, "procedure_dental": 5, "dentist": 2, "consultation": 9}}, {"model": "odontology.patientdentalprocedure", "pk": 16, "fields": {"created_on": "2016-04-18T20:31:17.462Z", "updated_on": "2016-04-18T20:31:17.462Z", "patient_tooth": 122, "tooth_division": 3, "procedure_dental": 2, "dentist": 2, "consultation": 10}}, {"model": "odontology.patientdentalprocedure", "pk": 17, "fields": {"created_on": "2016-04-22T20:31:36.946Z", "updated_on": "2016-04-22T20:31:36.946Z", "patient_tooth": 108, "tooth_division": 4, "procedure_dental": 2, "dentist": 2, "consultation": 11}}, {"model": "odontology.patientdentalprocedure", "pk": 18, "fields": {"created_on": "2016-04-22T20:47:21.273Z", "updated_on": "2016-04-22T20:47:21.273Z", "patient_tooth": 140, "tooth_division": 5, "procedure_dental": 5, "dentist": 2, "consultation": 12}}, {"model": "odontology.patientdentalprocedure", "pk": 19, "fields": {"created_on": "2016-04-22T20:47:27.849Z", "updated_on": "2016-04-22T20:47:27.849Z", "patient_tooth": 146, "tooth_division": 3, "procedure_dental": 3, "dentist": 2, "consultation": 12}}, {"model": "odontology.patientdentalprocedure", "pk": 20, "fields": {"created_on": "2016-04-22T20:47:39.203Z", "updated_on": "2016-04-22T20:47:39.203Z", "patient_tooth": 158, "tooth_division": 4, "procedure_dental": 4, "dentist": 2, "consultation": 12}}, {"model": "odontology.patientdentalprocedure", "pk": 21, "fields": {"created_on": "2016-05-04T19:19:52.770Z", "updated_on": "2016-05-04T19:19:52.770Z", "patient_tooth": 182, "tooth_division": 5, "procedure_dental": 5, "dentist": 2, "consultation": 15}}, {"model": "odontology.patientdentalprocedure", "pk": 22, "fields": {"created_on": "2016-05-04T19:20:05.758Z", "updated_on": "2016-05-04T19:20:05.758Z", "patient_tooth": 174, "tooth_division": 2, "procedure_dental": 4, "dentist": 2, "consultation": 15}}, {"model": "odontology.patientdentalprocedure", "pk": 23, "fields": {"created_on": "2016-05-04T19:20:24.294Z", "updated_on": "2016-05-04T19:20:24.294Z", "patient_tooth": 183, "tooth_division": 6, "procedure_dental": 9, "dentist": 2, "consultation": 15}}, {"model": "odontology.oralpatientprocedure", "pk": 2, "fields": {"created_on": "2016-04-08T18:07:09.066Z", "updated_on": "2016-04-08T18:07:09.066Z", "oral_procedure": 1, "dentist": 2, "consultation": 2}}, {"model": "odontology.oralpatientprocedure", "pk": 3, "fields": {"created_on": "2016-04-08T18:07:11.481Z", "updated_on": "2016-04-08T18:07:11.481Z", "oral_procedure": 2, "dentist": 2, "consultation": 2}}, {"model": "odontology.oralpatientprocedure", "pk": 4, "fields": {"created_on": "2016-04-08T18:12:51.880Z", "updated_on": "2016-04-08T18:12:51.881Z", "oral_procedure": 6, "dentist": 2, "consultation": 3}}, {"model": "odontology.oralpatientprocedure", "pk": 5, "fields": {"created_on": "2016-04-11T17:59:21.984Z", "updated_on": "2016-04-11T17:59:21.984Z", "oral_procedure": 2, "dentist": 2, "consultation": 4}}, {"model": "odontology.oralpatientprocedure", "pk": 6, "fields": {"created_on": "2016-04-11T17:59:24.978Z", "updated_on": "2016-04-11T17:59:24.978Z", "oral_procedure": 3, "dentist": 2, "consultation": 4}}, {"model": "odontology.oralpatientprocedure", "pk": 7, "fields": {"created_on": "2016-04-11T21:24:45.616Z", "updated_on": "2016-04-11T21:24:45.616Z", "oral_procedure": 2, "dentist": 2, "consultation": 5}}, {"model": "odontology.oralpatientprocedure", "pk": 8, "fields": {"created_on": "2016-04-11T21:24:47.654Z", "updated_on": "2016-04-11T21:24:47.654Z", "oral_procedure": 1, "dentist": 2, "consultation": 5}}, {"model": "odontology.oralpatientprocedure", "pk": 9, "fields": {"created_on": "2016-04-11T21:24:49.900Z", "updated_on": "2016-04-11T21:24:49.900Z", "oral_procedure": 3, "dentist": 2, "consultation": 5}}, {"model": "odontology.oralpatientprocedure", "pk": 10, "fields": {"created_on": "2016-04-12T18:16:30.922Z", "updated_on": "2016-04-12T18:16:30.922Z", "oral_procedure": 3, "dentist": 2, "consultation": 6}}, {"model": "odontology.oralpatientprocedure", "pk": 11, "fields": {"created_on": "2016-04-13T12:40:15.288Z", "updated_on": "2016-04-13T12:40:15.288Z", "oral_procedure": 2, "dentist": 2, "consultation": 7}}, {"model": "odontology.oralpatientprocedure", "pk": 12, "fields": {"created_on": "2016-04-13T13:54:31.763Z", "updated_on": "2016-04-13T13:54:31.763Z", "oral_procedure": 2, "dentist": 2, "consultation": 8}}, {"model": "odontology.oralpatientprocedure", "pk": 13, "fields": {"created_on": "2016-04-13T13:54:36.710Z", "updated_on": "2016-04-13T13:54:36.710Z", "oral_procedure": 6, "dentist": 2, "consultation": 8}}, {"model": "odontology.oralpatientprocedure", "pk": 14, "fields": {"created_on": "2016-04-13T20:48:11.085Z", "updated_on": "2016-04-13T20:48:11.085Z", "oral_procedure": 1, "dentist": 2, "consultation": 9}}, {"model": "odontology.oralpatientprocedure", "pk": 15, "fields": {"created_on": "2016-04-13T20:48:14.420Z", "updated_on": "2016-04-13T20:48:14.420Z", "oral_procedure": 6, "dentist": 2, "consultation": 9}}, {"model": "odontology.oralpatientprocedure", "pk": 16, "fields": {"created_on": "2016-04-18T20:31:25.294Z", "updated_on": "2016-04-18T20:31:25.294Z", "oral_procedure": 3, "dentist": 2, "consultation": 10}}, {"model": "odontology.oralpatientprocedure", "pk": 17, "fields": {"created_on": "2016-04-22T20:31:42.938Z", "updated_on": "2016-04-22T20:31:42.938Z", "oral_procedure": 1, "dentist": 2, "consultation": 11}}, {"model": "odontology.oralpatientprocedure", "pk": 18, "fields": {"created_on": "2016-04-22T20:47:43.855Z", "updated_on": "2016-04-22T20:47:43.855Z", "oral_procedure": 1, "dentist": 2, "consultation": 12}}, {"model": "odontology.oralpatientprocedure", "pk": 19, "fields": {"created_on": "2016-04-22T20:47:46.088Z", "updated_on": "2016-04-22T20:47:46.088Z", "oral_procedure": 6, "dentist": 2, "consultation": 12}}, {"model": "odontology.oralpatientprocedure", "pk": 21, "fields": {"created_on": "2016-05-04T19:20:38.007Z", "updated_on": "2016-05-04T19:20:38.008Z", "oral_procedure": 1, "dentist": 2, "consultation": 15}}, {"model": "odontology.oralpatientprocedure", "pk": 22, "fields": {"created_on": "2016-05-04T19:20:41.685Z", "updated_on": "2016-05-04T19:20:41.685Z", "oral_procedure": 2, "dentist": 2, "consultation": 15}}, {"model": "odontology.oralpatientprocedure", "pk": 23, "fields": {"created_on": "2016-05-04T19:20:44.424Z", "updated_on": "2016-05-04T19:20:44.424Z", "oral_procedure": 6, "dentist": 2, "consultation": 15}}, {"model": "admin.logentry", "pk": 1, "fields": {"action_time": "2016-03-23T12:30:18.497Z", "user": 1, "content_type": 4, "object_id": "2", "object_repr": "anavirginia", "action_flag": 2, "change_message": "Modificado username, first_name, last_name e email."}}, {"model": "admin.logentry", "pk": 2, "fields": {"action_time": "2016-03-23T12:30:30.210Z", "user": 1, "content_type": 4, "object_id": "1", "object_repr": "nonato", "action_flag": 2, "change_message": "Modificado first_name e last_name."}}]