[{"model": "contenttypes.contenttype", "pk": 1, "fields": {"app_label": "admin", "model": "logentry"}}, {"model": "contenttypes.contenttype", "pk": 2, "fields": {"app_label": "auth", "model": "permission"}}, {"model": "contenttypes.contenttype", "pk": 3, "fields": {"app_label": "auth", "model": "group"}}, {"model": "contenttypes.contenttype", "pk": 4, "fields": {"app_label": "auth", "model": "user"}}, {"model": "contenttypes.contenttype", "pk": 5, "fields": {"app_label": "contenttypes", "model": "contenttype"}}, {"model": "contenttypes.contenttype", "pk": 6, "fields": {"app_label": "sessions", "model": "session"}}, {"model": "contenttypes.contenttype", "pk": 7, "fields": {"app_label": "odontology", "model": "dentist"}}, {"model": "contenttypes.contenttype", "pk": 8, "fields": {"app_label": "odontology", "model": "course"}}, {"model": "contenttypes.contenttype", "pk": 9, "fields": {"app_label": "odontology", "model": "tooth"}}, {"model": "contenttypes.contenttype", "pk": 10, "fields": {"app_label": "odontology", "model": "toothdivision"}}, {"model": "contenttypes.contenttype", "pk": 11, "fields": {"app_label": "odontology", "model": "patient"}}, {"model": "contenttypes.contenttype", "pk": 12, "fields": {"app_label": "odontology", "model": "address"}}, {"model": "contenttypes.contenttype", "pk": 13, "fields": {"app_label": "odontology", "model": "patienttooth"}}, {"model": "contenttypes.contenttype", "pk": 14, "fields": {"app_label": "odontology", "model": "proceduredental"}}, {"model": "contenttypes.contenttype", "pk": 15, "fields": {"app_label": "odontology", "model": "oralprocedure"}}, {"model": "contenttypes.contenttype", "pk": 16, "fields": {"app_label": "odontology", "model": "patientdentalprocedure"}}, {"model": "contenttypes.contenttype", "pk": 17, "fields": {"app_label": "odontology", "model": "oralpatientprocedure"}}, {"model": "sessions.session", "pk": "2w1l48wglpbpnzbdsyxatua6iqzxdo1o", "fields": {"session_data": "YTMzNTQ4NTg2ZTViMDhlNDViNDAxNzJmYWE3NjBlNTcwM2U1YzM4NDp7Il9hdXRoX3VzZXJfaWQiOiIyIiwiX2F1dGhfdXNlcl9iYWNrZW5kIjoiZGphbmdvLmNvbnRyaWIuYXV0aC5iYWNrZW5kcy5Nb2RlbEJhY2tlbmQiLCJfYXV0aF91c2VyX2hhc2giOiI2OTEzNGUyZmU5YzBjNTQ5ZGRlMDRmNDk4NDRjOWNlYWRmOWNmMDJjIn0=", "expire_date": "2016-03-04T11:48:23.920Z"}}, {"model": "sessions.session", "pk": "bnw5o6zysecyu5utnb4w69rfsmmnl3xm", "fields": {"session_data": "MzcwOTJhZTE2M2NiNWJhZjI4ZDM1ZjcwZWVkZTc1NGE4YzBiYzc4Njp7Il9hdXRoX3VzZXJfYmFja2VuZCI6ImRqYW5nby5jb250cmliLmF1dGguYmFja2VuZHMuTW9kZWxCYWNrZW5kIiwiX2F1dGhfdXNlcl9pZCI6IjIiLCJfYXV0aF91c2VyX2hhc2giOiI4OWMyYmI2ZDkxMDI3NmU3NWI5M2ZhODY1M2ZlMDIzMzg2NTVlOTc4In0=", "expire_date": "2016-02-29T21:01:49.635Z"}}, {"model": "sessions.session", "pk": "l2v6y28zp6ut016srabooafwtejk64b7", "fields": {"session_data": "MmIzNGNlMTdiNDE3YjMwMzY2ZWRlOWM5YWNmNmYyNDJiZmY5N2ZmMzp7Il9hdXRoX3VzZXJfaWQiOiIyIiwiX2F1dGhfdXNlcl9oYXNoIjoiODljMmJiNmQ5MTAyNzZlNzViOTNmYTg2NTNmZTAyMzM4NjU1ZTk3OCIsIl9hdXRoX3VzZXJfYmFja2VuZCI6ImRqYW5nby5jb250cmliLmF1dGguYmFja2VuZHMuTW9kZWxCYWNrZW5kIn0=", "expire_date": "2016-03-02T18:49:58.654Z"}}, {"model": "sessions.session", "pk": "mrvgytptcvgt9suvr1edjpufvbpf47yh", "fields": {"session_data": "MDYxY2ZhZmY3ODQwYjkzODY5YmIwMjI4NDJmNWJjNmMxOTE5NTcwNDp7Il9hdXRoX3VzZXJfaGFzaCI6ImU3YTViNzFjMGE1ZDUwMTNhOTI2ODUxYmQ2NmJhZWI5OWFlYzc4OTAiLCJfYXV0aF91c2VyX2lkIjoiMSIsIl9hdXRoX3VzZXJfYmFja2VuZCI6ImRqYW5nby5jb250cmliLmF1dGguYmFja2VuZHMuTW9kZWxCYWNrZW5kIn0=", "expire_date": "2016-03-04T11:47:30.014Z"}}, {"model": "sessions.session", "pk": "o89blud1yxlts1wcr8birqec7d72uaxv", "fields": {"session_data": "MmIzNGNlMTdiNDE3YjMwMzY2ZWRlOWM5YWNmNmYyNDJiZmY5N2ZmMzp7Il9hdXRoX3VzZXJfaWQiOiIyIiwiX2F1dGhfdXNlcl9oYXNoIjoiODljMmJiNmQ5MTAyNzZlNzViOTNmYTg2NTNmZTAyMzM4NjU1ZTk3OCIsIl9hdXRoX3VzZXJfYmFja2VuZCI6ImRqYW5nby5jb250cmliLmF1dGguYmFja2VuZHMuTW9kZWxCYWNrZW5kIn0=", "expire_date": "2016-03-02T19:02:54.848Z"}}, {"model": "odontology.course", "pk": 1, "fields": {"created_on": "2016-01-13T23:10:38.031Z", "updated_on": "2016-01-13T23:10:38.031Z", "name": "Sistema de informa\u00e7\u00e3o", "description": "Bacharelado em Sistema de Informa\u00e7\u00e3o"}}, {"model": "odontology.course", "pk": 2, "fields": {"created_on": "2016-01-26T21:39:15.722Z", "updated_on": "2016-01-26T21:39:15.722Z", "name": "Enfermagem", "description": "Bacharelado em Enfermagem"}}, {"model": "odontology.course", "pk": 3, "fields": {"created_on": "2016-01-26T21:39:47.456Z", "updated_on": "2016-01-26T21:39:47.456Z", "name": "Nutri\u00e7\u00e3o", "description": "Bacharelado em Nutri\u00e7\u00e3o"}}, {"model": "odontology.course", "pk": 4, "fields": {"created_on": "2016-01-26T21:40:50.045Z", "updated_on": "2016-01-26T21:40:50.045Z", "name": "Matem\u00e1tica", "description": "Licenciatura em Matem\u00e1tica"}}, {"model": "odontology.course", "pk": 5, "fields": {"created_on": "2016-01-26T21:41:20.581Z", "updated_on": "2016-01-26T21:41:20.581Z", "name": "Hist\u00f3ria", "description": "Licenciatura em Hist\u00f3ria"}}, {"model": "odontology.course", "pk": 6, "fields": {"created_on": "2016-01-26T21:41:42.342Z", "updated_on": "2016-01-26T21:41:42.342Z", "name": "Biologia", "description": "Bacharelado em Biologia"}}, {"model": "odontology.course", "pk": 7, "fields": {"created_on": "2016-01-26T21:42:03.160Z", "updated_on": "2016-01-26T21:42:28.413Z", "name": "Administra\u00e7\u00e3o", "description": "Bacharelado em Administra\u00e7\u00e3o"}}, {"model": "odontology.tooth", "pk": 1, "fields": {"created_on": "2016-01-29T21:03:34.746Z", "updated_on": "2016-01-29T21:03:34.747Z", "name": "18", "description": "Terceiro Molar Superior Direito"}}, {"model": "odontology.tooth", "pk": 2, "fields": {"created_on": "2016-01-29T21:03:14.255Z", "updated_on": "2016-01-29T21:03:14.256Z", "name": "17", "description": "Segundo Molar Superior Direito"}}, {"model": "odontology.tooth", "pk": 3, "fields": {"created_on": "2016-01-29T21:03:04.261Z", "updated_on": "2016-01-29T21:03:04.261Z", "name": "16", "description": "Primeiro Molar Superior Direito"}}, {"model": "odontology.tooth", "pk": 4, "fields": {"created_on": "2016-01-29T21:02:52.641Z", "updated_on": "2016-01-29T21:02:52.641Z", "name": "15", "description": "Segundo Premolar Superior Direito"}}, {"model": "odontology.tooth", "pk": 5, "fields": {"created_on": "2016-01-29T21:02:41.941Z", "updated_on": "2016-01-29T21:02:41.941Z", "name": "14", "description": "Primeiro Premolar Superior Direito"}}, {"model": "odontology.tooth", "pk": 6, "fields": {"created_on": "2016-01-29T21:02:30.325Z", "updated_on": "2016-01-29T21:02:30.325Z", "name": "13", "description": "Canino Superior Direito"}}, {"model": "odontology.tooth", "pk": 7, "fields": {"created_on": "2016-01-29T21:02:18.637Z", "updated_on": "2016-01-29T21:02:18.637Z", "name": "12", "description": "Incisivo Lateral Superior Direito"}}, {"model": "odontology.tooth", "pk": 8, "fields": {"created_on": "2016-01-29T21:02:00.440Z", "updated_on": "2016-01-29T21:02:00.440Z", "name": "11", "description": "Incisivo Central Superior Direito"}}, {"model": "odontology.tooth", "pk": 9, "fields": {"created_on": "2016-01-29T21:03:48.375Z", "updated_on": "2016-01-29T21:03:48.375Z", "name": "21", "description": "Incisivo Central Superior Esquerdo"}}, {"model": "odontology.tooth", "pk": 10, "fields": {"created_on": "2016-01-29T21:03:59.596Z", "updated_on": "2016-01-29T21:03:59.596Z", "name": "22", "description": "Incisivo Lateral Superior Esquerdo"}}, {"model": "odontology.tooth", "pk": 11, "fields": {"created_on": "2016-01-29T21:04:13.641Z", "updated_on": "2016-01-29T21:04:13.641Z", "name": "23", "description": "Canino Superior Esquerdo"}}, {"model": "odontology.tooth", "pk": 12, "fields": {"created_on": "2016-01-29T21:04:26.182Z", "updated_on": "2016-01-29T21:04:26.182Z", "name": "24", "description": "Primeiro Premolar Superior Esquerdo"}}, {"model": "odontology.tooth", "pk": 13, "fields": {"created_on": "2016-01-29T21:04:37.745Z", "updated_on": "2016-01-29T21:04:37.745Z", "name": "25", "description": "Segundo Premolar Superior Esquerdo"}}, {"model": "odontology.tooth", "pk": 14, "fields": {"created_on": "2016-01-29T21:04:51.702Z", "updated_on": "2016-01-29T21:04:51.703Z", "name": "26", "description": "Primeiro Molar Superior Esquerdo"}}, {"model": "odontology.tooth", "pk": 15, "fields": {"created_on": "2016-01-29T21:05:04.192Z", "updated_on": "2016-01-29T21:05:04.193Z", "name": "27", "description": "Segundo Molar Superior Esquerdo"}}, {"model": "odontology.tooth", "pk": 16, "fields": {"created_on": "2016-01-29T21:05:14.319Z", "updated_on": "2016-01-29T21:05:14.319Z", "name": "28", "description": "Terceiro Molar Superior Esquerdo"}}, {"model": "odontology.tooth", "pk": 17, "fields": {"created_on": "2016-01-29T21:07:34.281Z", "updated_on": "2016-01-29T21:07:34.281Z", "name": "48", "description": "Terceiro Molar Inferior Direito"}}, {"model": "odontology.tooth", "pk": 18, "fields": {"created_on": "2016-01-29T21:08:02.101Z", "updated_on": "2016-01-29T21:08:02.101Z", "name": "47", "description": "Segundo Molar Inferior Direito"}}, {"model": "odontology.tooth", "pk": 19, "fields": {"created_on": "2016-01-29T21:08:13.192Z", "updated_on": "2016-01-29T21:08:13.192Z", "name": "46", "description": "Primeiro Molar Inferior Direito"}}, {"model": "odontology.tooth", "pk": 20, "fields": {"created_on": "2016-01-29T21:08:31.999Z", "updated_on": "2016-01-29T21:08:31.999Z", "name": "45", "description": "Segundo Premolar Inferior Direito"}}, {"model": "odontology.tooth", "pk": 21, "fields": {"created_on": "2016-01-29T21:08:46.281Z", "updated_on": "2016-01-29T21:08:46.281Z", "name": "44", "description": "Primeiro Premolar Inferior Direito"}}, {"model": "odontology.tooth", "pk": 22, "fields": {"created_on": "2016-01-29T21:08:58.282Z", "updated_on": "2016-01-29T21:08:58.282Z", "name": "43", "description": "Canino Inferior Direito"}}, {"model": "odontology.tooth", "pk": 23, "fields": {"created_on": "2016-01-29T21:09:10.697Z", "updated_on": "2016-01-29T21:09:10.697Z", "name": "42", "description": "Incisivo Lateral Inferior Direito"}}, {"model": "odontology.tooth", "pk": 24, "fields": {"created_on": "2016-01-29T21:09:27.157Z", "updated_on": "2016-01-29T21:09:27.157Z", "name": "41", "description": "Incisivo Central Inferior Direito"}}, {"model": "odontology.tooth", "pk": 25, "fields": {"created_on": "2016-01-29T21:07:25.010Z", "updated_on": "2016-01-29T21:07:25.010Z", "name": "31", "description": "Incisivo Central Inferior Esquerdo"}}, {"model": "odontology.tooth", "pk": 26, "fields": {"created_on": "2016-01-29T21:07:16.186Z", "updated_on": "2016-01-29T21:07:16.186Z", "name": "32", "description": "Incisivo Lateral Inferior Esquerdo"}}, {"model": "odontology.tooth", "pk": 27, "fields": {"created_on": "2016-01-29T21:07:07.132Z", "updated_on": "2016-01-29T21:07:07.132Z", "name": "33", "description": "Canino Inferior Esquerdo"}}, {"model": "odontology.tooth", "pk": 28, "fields": {"created_on": "2016-01-29T21:06:40.920Z", "updated_on": "2016-01-29T21:06:40.920Z", "name": "34", "description": "Primeiro Premolar Inferior Esquerdo"}}, {"model": "odontology.tooth", "pk": 29, "fields": {"created_on": "2016-01-29T21:06:21.881Z", "updated_on": "2016-01-29T21:06:21.881Z", "name": "35", "description": "Segundo Premolar Inferior Esquerdo"}}, {"model": "odontology.tooth", "pk": 30, "fields": {"created_on": "2016-01-29T21:06:12.491Z", "updated_on": "2016-01-29T21:06:12.491Z", "name": "36", "description": "Primeiro Molar Inferior Esquerdo"}}, {"model": "odontology.tooth", "pk": 31, "fields": {"created_on": "2016-01-29T21:06:01.094Z", "updated_on": "2016-01-29T21:06:01.094Z", "name": "37", "description": "Segundo  Molar Inferior Esquerdo"}}, {"model": "odontology.tooth", "pk": 32, "fields": {"created_on": "2016-01-29T21:05:25.328Z", "updated_on": "2016-01-29T21:05:25.328Z", "name": "38", "description": "Terceiro Molar Inferior Esquerdo"}}, {"model": "odontology.toothdivision", "pk": 1, "fields": {"created_on": "2016-01-28T21:30:42.655Z", "updated_on": "2016-01-28T21:30:42.655Z", "name": "FP/FL", "description": "Face Palatal/Face Lingual"}}, {"model": "odontology.toothdivision", "pk": 2, "fields": {"created_on": "2016-01-28T21:30:58.536Z", "updated_on": "2016-01-28T21:30:58.536Z", "name": "FV", "description": "Face Vestibular"}}, {"model": "odontology.toothdivision", "pk": 3, "fields": {"created_on": "2016-01-28T21:31:13.079Z", "updated_on": "2016-01-28T21:31:13.079Z", "name": "FM", "description": "Face Mesial"}}, {"model": "odontology.toothdivision", "pk": 4, "fields": {"created_on": "2016-01-28T21:31:27.322Z", "updated_on": "2016-01-28T21:31:27.322Z", "name": "FD", "description": "Face Distal"}}, {"model": "odontology.toothdivision", "pk": 5, "fields": {"created_on": "2016-01-28T21:31:39.784Z", "updated_on": "2016-01-28T21:31:39.785Z", "name": "FO", "description": "Face Oclusal"}}, {"model": "odontology.toothdivision", "pk": 6, "fields": {"created_on": "2016-01-28T21:31:39.784Z", "updated_on": "2016-02-05T16:52:40.198Z", "name": "DC", "description": "Dente Completo"}}, {"model": "odontology.patient", "pk": 1, "fields": {"created_on": "2016-02-12T21:37:10.166Z", "updated_on": "2016-02-18T20:50:34.983Z", "name": "Nonato Rodrigues de Sales Carvalho", "sex": "M", "marital_status": "CASADO", "birth_date": "1985-06-02", "father": "Raimundo Nonato Rodrigues", "mother": "Antonia Maria de Sales Rodrigues", "phone": "99930-5127", "course": null, "types": "T\u00e9cnico Administrativo", "email": "nrdesales@hotmail.com", "dependents": [3, 2]}}, {"model": "odontology.patient", "pk": 2, "fields": {"created_on": "2016-02-12T21:37:25.460Z", "updated_on": "2016-02-17T22:50:13.527Z", "name": "Maria da Concei\u00e7\u00e3o", "sex": "F", "marital_status": "CASADO", "birth_date": "1989-01-15", "father": "Jo\u00e3o Manoel de Carvalho", "mother": "Maria dos Anjos Leal Carvalho", "phone": "999978117", "course": null, "types": "Dependente", "email": "mariacarvalhoadm@hotmail.com", "dependents": []}}, {"model": "odontology.patient", "pk": 3, "fields": {"created_on": "2016-02-12T21:37:40.964Z", "updated_on": "2016-02-17T21:46:00.433Z", "name": "Esdras Rodrigues", "sex": "M", "marital_status": "SOLTEIRO", "birth_date": "2014-11-08", "father": "", "mother": "", "phone": "988132587", "course": null, "types": "Dependente", "email": "esdras@gmail.com", "dependents": []}}, {"model": "odontology.patient", "pk": 4, "fields": {"created_on": "2016-02-12T21:38:36.254Z", "updated_on": "2016-02-17T22:56:09.474Z", "name": "Micael Araujo", "sex": "M", "marital_status": "SOLTEIRO", "birth_date": "1993-01-24", "father": "", "mother": "", "phone": "98815-2014", "course": 1, "types": "Estudante", "email": "micael@hotmail.com", "dependents": []}}, {"model": "odontology.patient", "pk": 5, "fields": {"created_on": "2016-02-12T21:39:36.507Z", "updated_on": "2016-02-17T22:50:53.636Z", "name": "Leandro Araujo", "sex": "M", "marital_status": "SOLTEIRO", "birth_date": "1988-04-14", "father": "", "mother": "", "phone": "98801-9658", "course": 1, "types": "Estudante", "email": "leandro@hotmail.com", "dependents": []}}, {"model": "odontology.patient", "pk": 7, "fields": {"created_on": "2016-02-16T17:22:19.077Z", "updated_on": "2016-02-19T17:00:46.595Z", "name": "Camila de Moura Rocha", "sex": "F", "marital_status": "SOLTEIRO", "birth_date": "1991-04-24", "father": "Manoel Rocha de Sousa", "mother": "Salete Moura Coelho de Sousa", "phone": "994371517", "course": 7, "types": "Estudante", "email": "camila_rocha5@hotmail.com.br", "dependents": []}}, {"model": "odontology.patient", "pk": 8, "fields": {"created_on": "2016-02-17T18:39:56.678Z", "updated_on": "2016-02-17T18:39:56.678Z", "name": "Livia Maria Alencar Rocha", "sex": "F", "marital_status": "SOLTEIRO", "birth_date": "1992-12-24", "father": "Francisco das Chagas Rocha", "mother": "Maria Zelia Alencar Rocha", "phone": "99972-5456", "course": 1, "types": "Estudante", "email": "liviarochasj@hotmail.com", "dependents": []}}, {"model": "odontology.patient", "pk": 9, "fields": {"created_on": "2016-02-17T18:42:29.431Z", "updated_on": "2016-02-17T18:42:29.431Z", "name": "Jonnison Lima Ferreira", "sex": "M", "marital_status": "SOLTEIRO", "birth_date": "1992-02-15", "father": "", "mother": "", "phone": "98562114", "course": 1, "types": "Estudante", "email": "jonnison.123@gmail.com", "dependents": []}}, {"model": "odontology.patient", "pk": 10, "fields": {"created_on": "2016-02-17T19:14:13.931Z", "updated_on": "2016-02-17T19:17:13.768Z", "name": "Lusivan Licinio Ferreira", "sex": "M", "marital_status": "SOLTEIRO", "birth_date": "1987-05-18", "father": "Licinio Ferreira Filho", "mother": "Maria Veralice Ferreira", "phone": "99418-2122", "course": 1, "types": "Estudante", "email": "lusivan_itainopolis@yahoo.com.br", "dependents": []}}, {"model": "odontology.patient", "pk": 11, "fields": {"created_on": "2016-02-18T18:13:56.353Z", "updated_on": "2016-02-18T20:51:11.225Z", "name": "Ercilandia de Sales Rodrigues", "sex": "F", "marital_status": "SOLTEIRO", "birth_date": "1987-01-27", "father": "Raimundo Nonato Rodrigues", "mother": "Antonio Maria de Sales Rodrigues", "phone": "999210721", "course": null, "types": "Terceirizado", "email": "dhesya@hotmail.com", "dependents": []}}, {"model": "odontology.patient", "pk": 12, "fields": {"created_on": "2016-02-18T20:53:12.277Z", "updated_on": "2016-02-18T20:53:12.277Z", "name": "Ivanildo Moura", "sex": "M", "marital_status": "CASADO", "birth_date": "1979-09-09", "father": "", "mother": "", "phone": "86 999850145", "course": null, "types": "Professor", "email": "ivanildomoura@ufpi.edu.br", "dependents": []}}, {"model": "odontology.address", "pk": 1, "fields": {"created_on": "2016-02-12T21:36:10.827Z", "updated_on": "2016-02-18T17:47:59.131Z", "city": "Picos", "state": "PI", "street": "Av Severo Eulalio", "number": "1000", "complement": "", "zip_code": "64600-000", "reference_point": "", "neighborhood": "Canto da Varzea", "country": "Brasil", "content_type": 7, "object_id": 2}}, {"model": "odontology.address", "pk": 2, "fields": {"created_on": "2016-02-12T21:37:10.549Z", "updated_on": "2016-02-18T20:50:34.997Z", "city": "Picos", "state": "PI", "street": "Av Eliseu Perire Bezerra", "number": "451", "complement": "", "zip_code": "64600-430", "reference_point": "Px a sorveteria Nectar", "neighborhood": "Passagem das Pedras", "country": "Brasil", "content_type": 11, "object_id": 1}}, {"model": "odontology.address", "pk": 3, "fields": {"created_on": "2016-02-12T21:38:36.620Z", "updated_on": "2016-02-17T22:56:09.515Z", "city": "S\u00e3o Raimundo Nonato", "state": "PI", "street": "Rua Projetada", "number": "412", "complement": "", "zip_code": "64600-000", "reference_point": "", "neighborhood": "Centro", "country": "Brasil", "content_type": 11, "object_id": 4}}, {"model": "odontology.address", "pk": 4, "fields": {"created_on": "2016-02-12T21:39:36.868Z", "updated_on": "2016-02-17T22:50:53.678Z", "city": "Dom Expedito Lopes", "state": "PI", "street": "Povoado Baixa Grande", "number": "S/N", "complement": "", "zip_code": "64600-000", "reference_point": "", "neighborhood": "Centro", "country": "Brasil", "content_type": 11, "object_id": 5}}, {"model": "odontology.address", "pk": 6, "fields": {"created_on": "2016-02-16T17:22:19.542Z", "updated_on": "2016-02-19T17:00:46.655Z", "city": "Itainopolis", "state": "PI", "street": "Povoado Vila Barbosa", "number": "SN", "complement": "", "zip_code": "64565-000", "reference_point": "Proximo a Congrega\u00e7\u00e3o Crist\u00e3 no Brasil", "neighborhood": "Centro", "country": "Brasil", "content_type": 11, "object_id": 7}}, {"model": "odontology.address", "pk": 7, "fields": {"created_on": "2016-02-17T18:39:57.072Z", "updated_on": "2016-02-17T18:39:57.072Z", "city": "S\u00e3o Juli\u00e3o", "state": "PI", "street": "Rua Marechal Castelo Branco", "number": "5", "complement": "", "zip_code": "64670-000", "reference_point": "", "neighborhood": "Centro", "country": "Brasil", "content_type": 11, "object_id": 8}}, {"model": "odontology.address", "pk": 8, "fields": {"created_on": "2016-02-17T18:42:29.781Z", "updated_on": "2016-02-17T18:42:29.781Z", "city": "Picos", "state": "PI", "street": "Rua Projetada", "number": "55", "complement": "", "zip_code": "64600-000", "reference_point": "", "neighborhood": "S\u00e3o Jose", "country": "Brasil", "content_type": 11, "object_id": 9}}, {"model": "odontology.address", "pk": 9, "fields": {"created_on": "2016-02-17T19:14:14.480Z", "updated_on": "2016-02-17T19:17:13.821Z", "city": "Itainopolis", "state": "PI", "street": "Rua Projetada", "number": "8", "complement": "", "zip_code": "64565-000", "reference_point": "", "neighborhood": "Francisca Trindade", "country": "Brasil", "content_type": 11, "object_id": 10}}, {"model": "odontology.address", "pk": 10, "fields": {"created_on": "2016-02-17T21:46:00.476Z", "updated_on": "2016-02-17T21:46:00.476Z", "city": "", "state": "", "street": "", "number": "", "complement": "", "zip_code": "", "reference_point": "", "neighborhood": "", "country": "", "content_type": 11, "object_id": 3}}, {"model": "odontology.address", "pk": 11, "fields": {"created_on": "2016-02-17T22:50:13.573Z", "updated_on": "2016-02-17T22:50:13.573Z", "city": "", "state": "", "street": "", "number": "", "complement": "", "zip_code": "", "reference_point": "", "neighborhood": "", "country": "", "content_type": 11, "object_id": 2}}, {"model": "odontology.address", "pk": 12, "fields": {"created_on": "2016-02-18T18:13:56.728Z", "updated_on": "2016-02-18T20:51:11.245Z", "city": "Picos", "state": "PI", "street": "Av. Eliseu Pereira Bezerra", "number": "451", "complement": "", "zip_code": "64600-430", "reference_point": "", "neighborhood": "Passagem das Pedras", "country": "Brasil", "content_type": 11, "object_id": 11}}, {"model": "odontology.address", "pk": 13, "fields": {"created_on": "2016-02-18T20:53:12.740Z", "updated_on": "2016-02-18T20:53:12.740Z", "city": "Parnaiba", "state": "PI", "street": "Rua Teodoro da Fonseca", "number": "147", "complement": "", "zip_code": "64600000", "reference_point": "", "neighborhood": "Centro", "country": "Brasil", "content_type": 11, "object_id": 12}}, {"model": "odontology.patienttooth", "pk": 1, "fields": {"created_on": "2016-02-12T21:37:10.200Z", "updated_on": "2016-02-12T21:37:10.200Z", "tooth": 1, "patient": 1}}, {"model": "odontology.patienttooth", "pk": 2, "fields": {"created_on": "2016-02-12T21:37:10.271Z", "updated_on": "2016-02-12T21:37:10.271Z", "tooth": 2, "patient": 1}}, {"model": "odontology.patienttooth", "pk": 3, "fields": {"created_on": "2016-02-12T21:37:10.297Z", "updated_on": "2016-02-12T21:37:10.297Z", "tooth": 3, "patient": 1}}, {"model": "odontology.patienttooth", "pk": 4, "fields": {"created_on": "2016-02-12T21:37:10.305Z", "updated_on": "2016-02-12T21:37:10.305Z", "tooth": 4, "patient": 1}}, {"model": "odontology.patienttooth", "pk": 5, "fields": {"created_on": "2016-02-12T21:37:10.314Z", "updated_on": "2016-02-12T21:37:10.314Z", "tooth": 5, "patient": 1}}, {"model": "odontology.patienttooth", "pk": 6, "fields": {"created_on": "2016-02-12T21:37:10.322Z", "updated_on": "2016-02-12T21:37:10.322Z", "tooth": 6, "patient": 1}}, {"model": "odontology.patienttooth", "pk": 7, "fields": {"created_on": "2016-02-12T21:37:10.330Z", "updated_on": "2016-02-12T21:37:10.330Z", "tooth": 7, "patient": 1}}, {"model": "odontology.patienttooth", "pk": 8, "fields": {"created_on": "2016-02-12T21:37:10.338Z", "updated_on": "2016-02-12T21:37:10.338Z", "tooth": 8, "patient": 1}}, {"model": "odontology.patienttooth", "pk": 9, "fields": {"created_on": "2016-02-12T21:37:10.347Z", "updated_on": "2016-02-12T21:37:10.347Z", "tooth": 9, "patient": 1}}, {"model": "odontology.patienttooth", "pk": 10, "fields": {"created_on": "2016-02-12T21:37:10.355Z", "updated_on": "2016-02-12T21:37:10.355Z", "tooth": 10, "patient": 1}}, {"model": "odontology.patienttooth", "pk": 11, "fields": {"created_on": "2016-02-12T21:37:10.363Z", "updated_on": "2016-02-12T21:37:10.363Z", "tooth": 11, "patient": 1}}, {"model": "odontology.patienttooth", "pk": 12, "fields": {"created_on": "2016-02-12T21:37:10.372Z", "updated_on": "2016-02-12T21:37:10.372Z", "tooth": 12, "patient": 1}}, {"model": "odontology.patienttooth", "pk": 13, "fields": {"created_on": "2016-02-12T21:37:10.380Z", "updated_on": "2016-02-12T21:37:10.380Z", "tooth": 13, "patient": 1}}, {"model": "odontology.patienttooth", "pk": 14, "fields": {"created_on": "2016-02-12T21:37:10.388Z", "updated_on": "2016-02-12T21:37:10.388Z", "tooth": 14, "patient": 1}}, {"model": "odontology.patienttooth", "pk": 15, "fields": {"created_on": "2016-02-12T21:37:10.397Z", "updated_on": "2016-02-12T21:37:10.397Z", "tooth": 15, "patient": 1}}, {"model": "odontology.patienttooth", "pk": 16, "fields": {"created_on": "2016-02-12T21:37:10.405Z", "updated_on": "2016-02-12T21:37:10.405Z", "tooth": 16, "patient": 1}}, {"model": "odontology.patienttooth", "pk": 17, "fields": {"created_on": "2016-02-12T21:37:10.413Z", "updated_on": "2016-02-12T21:37:10.413Z", "tooth": 17, "patient": 1}}, {"model": "odontology.patienttooth", "pk": 18, "fields": {"created_on": "2016-02-12T21:37:10.422Z", "updated_on": "2016-02-12T21:37:10.422Z", "tooth": 18, "patient": 1}}, {"model": "odontology.patienttooth", "pk": 19, "fields": {"created_on": "2016-02-12T21:37:10.430Z", "updated_on": "2016-02-12T21:37:10.430Z", "tooth": 19, "patient": 1}}, {"model": "odontology.patienttooth", "pk": 20, "fields": {"created_on": "2016-02-12T21:37:10.439Z", "updated_on": "2016-02-12T21:37:10.439Z", "tooth": 20, "patient": 1}}, {"model": "odontology.patienttooth", "pk": 21, "fields": {"created_on": "2016-02-12T21:37:10.447Z", "updated_on": "2016-02-12T21:37:10.447Z", "tooth": 21, "patient": 1}}, {"model": "odontology.patienttooth", "pk": 22, "fields": {"created_on": "2016-02-12T21:37:10.455Z", "updated_on": "2016-02-12T21:37:10.455Z", "tooth": 22, "patient": 1}}, {"model": "odontology.patienttooth", "pk": 23, "fields": {"created_on": "2016-02-12T21:37:10.463Z", "updated_on": "2016-02-12T21:37:10.463Z", "tooth": 23, "patient": 1}}, {"model": "odontology.patienttooth", "pk": 24, "fields": {"created_on": "2016-02-12T21:37:10.472Z", "updated_on": "2016-02-12T21:37:10.472Z", "tooth": 24, "patient": 1}}, {"model": "odontology.patienttooth", "pk": 25, "fields": {"created_on": "2016-02-12T21:37:10.480Z", "updated_on": "2016-02-12T21:37:10.480Z", "tooth": 25, "patient": 1}}, {"model": "odontology.patienttooth", "pk": 26, "fields": {"created_on": "2016-02-12T21:37:10.488Z", "updated_on": "2016-02-12T21:37:10.488Z", "tooth": 26, "patient": 1}}, {"model": "odontology.patienttooth", "pk": 27, "fields": {"created_on": "2016-02-12T21:37:10.497Z", "updated_on": "2016-02-12T21:37:10.497Z", "tooth": 27, "patient": 1}}, {"model": "odontology.patienttooth", "pk": 28, "fields": {"created_on": "2016-02-12T21:37:10.505Z", "updated_on": "2016-02-12T21:37:10.505Z", "tooth": 28, "patient": 1}}, {"model": "odontology.patienttooth", "pk": 29, "fields": {"created_on": "2016-02-12T21:37:10.513Z", "updated_on": "2016-02-12T21:37:10.513Z", "tooth": 29, "patient": 1}}, {"model": "odontology.patienttooth", "pk": 30, "fields": {"created_on": "2016-02-12T21:37:10.522Z", "updated_on": "2016-02-12T21:37:10.522Z", "tooth": 30, "patient": 1}}, {"model": "odontology.patienttooth", "pk": 31, "fields": {"created_on": "2016-02-12T21:37:10.530Z", "updated_on": "2016-02-12T21:37:10.530Z", "tooth": 31, "patient": 1}}, {"model": "odontology.patienttooth", "pk": 32, "fields": {"created_on": "2016-02-12T21:37:10.538Z", "updated_on": "2016-02-12T21:37:10.538Z", "tooth": 32, "patient": 1}}, {"model": "odontology.patienttooth", "pk": 33, "fields": {"created_on": "2016-02-12T21:37:25.519Z", "updated_on": "2016-02-12T21:37:25.519Z", "tooth": 1, "patient": 2}}, {"model": "odontology.patienttooth", "pk": 34, "fields": {"created_on": "2016-02-12T21:37:25.555Z", "updated_on": "2016-02-12T21:37:25.555Z", "tooth": 2, "patient": 2}}, {"model": "odontology.patienttooth", "pk": 35, "fields": {"created_on": "2016-02-12T21:37:25.605Z", "updated_on": "2016-02-12T21:37:25.605Z", "tooth": 3, "patient": 2}}, {"model": "odontology.patienttooth", "pk": 36, "fields": {"created_on": "2016-02-12T21:37:25.613Z", "updated_on": "2016-02-12T21:37:25.613Z", "tooth": 4, "patient": 2}}, {"model": "odontology.patienttooth", "pk": 37, "fields": {"created_on": "2016-02-12T21:37:25.621Z", "updated_on": "2016-02-12T21:37:25.621Z", "tooth": 5, "patient": 2}}, {"model": "odontology.patienttooth", "pk": 38, "fields": {"created_on": "2016-02-12T21:37:25.630Z", "updated_on": "2016-02-12T21:37:25.630Z", "tooth": 6, "patient": 2}}, {"model": "odontology.patienttooth", "pk": 39, "fields": {"created_on": "2016-02-12T21:37:25.638Z", "updated_on": "2016-02-12T21:37:25.638Z", "tooth": 7, "patient": 2}}, {"model": "odontology.patienttooth", "pk": 40, "fields": {"created_on": "2016-02-12T21:37:25.646Z", "updated_on": "2016-02-12T21:37:25.646Z", "tooth": 8, "patient": 2}}, {"model": "odontology.patienttooth", "pk": 41, "fields": {"created_on": "2016-02-12T21:37:25.655Z", "updated_on": "2016-02-12T21:37:25.655Z", "tooth": 9, "patient": 2}}, {"model": "odontology.patienttooth", "pk": 42, "fields": {"created_on": "2016-02-12T21:37:25.663Z", "updated_on": "2016-02-12T21:37:25.663Z", "tooth": 10, "patient": 2}}, {"model": "odontology.patienttooth", "pk": 43, "fields": {"created_on": "2016-02-12T21:37:25.671Z", "updated_on": "2016-02-12T21:37:25.671Z", "tooth": 11, "patient": 2}}, {"model": "odontology.patienttooth", "pk": 44, "fields": {"created_on": "2016-02-12T21:37:25.680Z", "updated_on": "2016-02-12T21:37:25.680Z", "tooth": 12, "patient": 2}}, {"model": "odontology.patienttooth", "pk": 45, "fields": {"created_on": "2016-02-12T21:37:25.688Z", "updated_on": "2016-02-12T21:37:25.688Z", "tooth": 13, "patient": 2}}, {"model": "odontology.patienttooth", "pk": 46, "fields": {"created_on": "2016-02-12T21:37:25.747Z", "updated_on": "2016-02-12T21:37:25.747Z", "tooth": 14, "patient": 2}}, {"model": "odontology.patienttooth", "pk": 47, "fields": {"created_on": "2016-02-12T21:37:25.755Z", "updated_on": "2016-02-12T21:37:25.755Z", "tooth": 15, "patient": 2}}, {"model": "odontology.patienttooth", "pk": 48, "fields": {"created_on": "2016-02-12T21:37:25.763Z", "updated_on": "2016-02-12T21:37:25.763Z", "tooth": 16, "patient": 2}}, {"model": "odontology.patienttooth", "pk": 49, "fields": {"created_on": "2016-02-12T21:37:25.771Z", "updated_on": "2016-02-12T21:37:25.771Z", "tooth": 17, "patient": 2}}, {"model": "odontology.patienttooth", "pk": 50, "fields": {"created_on": "2016-02-12T21:37:25.780Z", "updated_on": "2016-02-12T21:37:25.780Z", "tooth": 18, "patient": 2}}, {"model": "odontology.patienttooth", "pk": 51, "fields": {"created_on": "2016-02-12T21:37:25.788Z", "updated_on": "2016-02-12T21:37:25.788Z", "tooth": 19, "patient": 2}}, {"model": "odontology.patienttooth", "pk": 52, "fields": {"created_on": "2016-02-12T21:37:25.796Z", "updated_on": "2016-02-12T21:37:25.796Z", "tooth": 20, "patient": 2}}, {"model": "odontology.patienttooth", "pk": 53, "fields": {"created_on": "2016-02-12T21:37:25.805Z", "updated_on": "2016-02-12T21:37:25.805Z", "tooth": 21, "patient": 2}}, {"model": "odontology.patienttooth", "pk": 54, "fields": {"created_on": "2016-02-12T21:37:25.813Z", "updated_on": "2016-02-12T21:37:25.813Z", "tooth": 22, "patient": 2}}, {"model": "odontology.patienttooth", "pk": 55, "fields": {"created_on": "2016-02-12T21:37:25.821Z", "updated_on": "2016-02-12T21:37:25.821Z", "tooth": 23, "patient": 2}}, {"model": "odontology.patienttooth", "pk": 56, "fields": {"created_on": "2016-02-12T21:37:25.830Z", "updated_on": "2016-02-12T21:37:25.830Z", "tooth": 24, "patient": 2}}, {"model": "odontology.patienttooth", "pk": 57, "fields": {"created_on": "2016-02-12T21:37:25.838Z", "updated_on": "2016-02-12T21:37:25.838Z", "tooth": 25, "patient": 2}}, {"model": "odontology.patienttooth", "pk": 58, "fields": {"created_on": "2016-02-12T21:37:25.846Z", "updated_on": "2016-02-12T21:37:25.846Z", "tooth": 26, "patient": 2}}, {"model": "odontology.patienttooth", "pk": 59, "fields": {"created_on": "2016-02-12T21:37:25.855Z", "updated_on": "2016-02-12T21:37:25.855Z", "tooth": 27, "patient": 2}}, {"model": "odontology.patienttooth", "pk": 60, "fields": {"created_on": "2016-02-12T21:37:25.863Z", "updated_on": "2016-02-12T21:37:25.863Z", "tooth": 28, "patient": 2}}, {"model": "odontology.patienttooth", "pk": 61, "fields": {"created_on": "2016-02-12T21:37:25.871Z", "updated_on": "2016-02-12T21:37:25.871Z", "tooth": 29, "patient": 2}}, {"model": "odontology.patienttooth", "pk": 62, "fields": {"created_on": "2016-02-12T21:37:25.880Z", "updated_on": "2016-02-12T21:37:25.880Z", "tooth": 30, "patient": 2}}, {"model": "odontology.patienttooth", "pk": 63, "fields": {"created_on": "2016-02-12T21:37:25.888Z", "updated_on": "2016-02-12T21:37:25.888Z", "tooth": 31, "patient": 2}}, {"model": "odontology.patienttooth", "pk": 64, "fields": {"created_on": "2016-02-12T21:37:25.896Z", "updated_on": "2016-02-12T21:37:25.896Z", "tooth": 32, "patient": 2}}, {"model": "odontology.patienttooth", "pk": 65, "fields": {"created_on": "2016-02-12T21:37:41.006Z", "updated_on": "2016-02-12T21:37:41.006Z", "tooth": 1, "patient": 3}}, {"model": "odontology.patienttooth", "pk": 66, "fields": {"created_on": "2016-02-12T21:37:41.045Z", "updated_on": "2016-02-12T21:37:41.045Z", "tooth": 2, "patient": 3}}, {"model": "odontology.patienttooth", "pk": 67, "fields": {"created_on": "2016-02-12T21:37:41.071Z", "updated_on": "2016-02-12T21:37:41.071Z", "tooth": 3, "patient": 3}}, {"model": "odontology.patienttooth", "pk": 68, "fields": {"created_on": "2016-02-12T21:37:41.079Z", "updated_on": "2016-02-12T21:37:41.079Z", "tooth": 4, "patient": 3}}, {"model": "odontology.patienttooth", "pk": 69, "fields": {"created_on": "2016-02-12T21:37:41.087Z", "updated_on": "2016-02-12T21:37:41.087Z", "tooth": 5, "patient": 3}}, {"model": "odontology.patienttooth", "pk": 70, "fields": {"created_on": "2016-02-12T21:37:41.096Z", "updated_on": "2016-02-12T21:37:41.096Z", "tooth": 6, "patient": 3}}, {"model": "odontology.patienttooth", "pk": 71, "fields": {"created_on": "2016-02-12T21:37:41.104Z", "updated_on": "2016-02-12T21:37:41.104Z", "tooth": 7, "patient": 3}}, {"model": "odontology.patienttooth", "pk": 72, "fields": {"created_on": "2016-02-12T21:37:41.112Z", "updated_on": "2016-02-12T21:37:41.112Z", "tooth": 8, "patient": 3}}, {"model": "odontology.patienttooth", "pk": 73, "fields": {"created_on": "2016-02-12T21:37:41.121Z", "updated_on": "2016-02-12T21:37:41.121Z", "tooth": 9, "patient": 3}}, {"model": "odontology.patienttooth", "pk": 74, "fields": {"created_on": "2016-02-12T21:37:41.129Z", "updated_on": "2016-02-12T21:37:41.129Z", "tooth": 10, "patient": 3}}, {"model": "odontology.patienttooth", "pk": 75, "fields": {"created_on": "2016-02-12T21:37:41.137Z", "updated_on": "2016-02-12T21:37:41.137Z", "tooth": 11, "patient": 3}}, {"model": "odontology.patienttooth", "pk": 76, "fields": {"created_on": "2016-02-12T21:37:41.146Z", "updated_on": "2016-02-12T21:37:41.146Z", "tooth": 12, "patient": 3}}, {"model": "odontology.patienttooth", "pk": 77, "fields": {"created_on": "2016-02-12T21:37:41.154Z", "updated_on": "2016-02-12T21:37:41.154Z", "tooth": 13, "patient": 3}}, {"model": "odontology.patienttooth", "pk": 78, "fields": {"created_on": "2016-02-12T21:37:41.162Z", "updated_on": "2016-02-12T21:37:41.162Z", "tooth": 14, "patient": 3}}, {"model": "odontology.patienttooth", "pk": 79, "fields": {"created_on": "2016-02-12T21:37:41.171Z", "updated_on": "2016-02-12T21:37:41.171Z", "tooth": 15, "patient": 3}}, {"model": "odontology.patienttooth", "pk": 80, "fields": {"created_on": "2016-02-12T21:37:41.179Z", "updated_on": "2016-02-12T21:37:41.179Z", "tooth": 16, "patient": 3}}, {"model": "odontology.patienttooth", "pk": 81, "fields": {"created_on": "2016-02-12T21:37:41.187Z", "updated_on": "2016-02-12T21:37:41.187Z", "tooth": 17, "patient": 3}}, {"model": "odontology.patienttooth", "pk": 82, "fields": {"created_on": "2016-02-12T21:37:41.196Z", "updated_on": "2016-02-12T21:37:41.196Z", "tooth": 18, "patient": 3}}, {"model": "odontology.patienttooth", "pk": 83, "fields": {"created_on": "2016-02-12T21:37:41.204Z", "updated_on": "2016-02-12T21:37:41.204Z", "tooth": 19, "patient": 3}}, {"model": "odontology.patienttooth", "pk": 84, "fields": {"created_on": "2016-02-12T21:37:41.212Z", "updated_on": "2016-02-12T21:37:41.212Z", "tooth": 20, "patient": 3}}, {"model": "odontology.patienttooth", "pk": 85, "fields": {"created_on": "2016-02-12T21:37:41.221Z", "updated_on": "2016-02-12T21:37:41.221Z", "tooth": 21, "patient": 3}}, {"model": "odontology.patienttooth", "pk": 86, "fields": {"created_on": "2016-02-12T21:37:41.229Z", "updated_on": "2016-02-12T21:37:41.229Z", "tooth": 22, "patient": 3}}, {"model": "odontology.patienttooth", "pk": 87, "fields": {"created_on": "2016-02-12T21:37:41.237Z", "updated_on": "2016-02-12T21:37:41.237Z", "tooth": 23, "patient": 3}}, {"model": "odontology.patienttooth", "pk": 88, "fields": {"created_on": "2016-02-12T21:37:41.246Z", "updated_on": "2016-02-12T21:37:41.246Z", "tooth": 24, "patient": 3}}, {"model": "odontology.patienttooth", "pk": 89, "fields": {"created_on": "2016-02-12T21:37:41.254Z", "updated_on": "2016-02-12T21:37:41.254Z", "tooth": 25, "patient": 3}}, {"model": "odontology.patienttooth", "pk": 90, "fields": {"created_on": "2016-02-12T21:37:41.262Z", "updated_on": "2016-02-12T21:37:41.262Z", "tooth": 26, "patient": 3}}, {"model": "odontology.patienttooth", "pk": 91, "fields": {"created_on": "2016-02-12T21:37:41.271Z", "updated_on": "2016-02-12T21:37:41.271Z", "tooth": 27, "patient": 3}}, {"model": "odontology.patienttooth", "pk": 92, "fields": {"created_on": "2016-02-12T21:37:41.279Z", "updated_on": "2016-02-12T21:37:41.279Z", "tooth": 28, "patient": 3}}, {"model": "odontology.patienttooth", "pk": 93, "fields": {"created_on": "2016-02-12T21:37:41.287Z", "updated_on": "2016-02-12T21:37:41.288Z", "tooth": 29, "patient": 3}}, {"model": "odontology.patienttooth", "pk": 94, "fields": {"created_on": "2016-02-12T21:37:41.296Z", "updated_on": "2016-02-12T21:37:41.296Z", "tooth": 30, "patient": 3}}, {"model": "odontology.patienttooth", "pk": 95, "fields": {"created_on": "2016-02-12T21:37:41.304Z", "updated_on": "2016-02-12T21:37:41.304Z", "tooth": 31, "patient": 3}}, {"model": "odontology.patienttooth", "pk": 96, "fields": {"created_on": "2016-02-12T21:37:41.312Z", "updated_on": "2016-02-12T21:37:41.313Z", "tooth": 32, "patient": 3}}, {"model": "odontology.patienttooth", "pk": 97, "fields": {"created_on": "2016-02-12T21:38:36.297Z", "updated_on": "2016-02-12T21:38:36.297Z", "tooth": 1, "patient": 4}}, {"model": "odontology.patienttooth", "pk": 98, "fields": {"created_on": "2016-02-12T21:38:36.341Z", "updated_on": "2016-02-12T21:38:36.341Z", "tooth": 2, "patient": 4}}, {"model": "odontology.patienttooth", "pk": 99, "fields": {"created_on": "2016-02-12T21:38:36.369Z", "updated_on": "2016-02-12T21:38:36.369Z", "tooth": 3, "patient": 4}}, {"model": "odontology.patienttooth", "pk": 100, "fields": {"created_on": "2016-02-12T21:38:36.377Z", "updated_on": "2016-02-12T21:38:36.377Z", "tooth": 4, "patient": 4}}, {"model": "odontology.patienttooth", "pk": 101, "fields": {"created_on": "2016-02-12T21:38:36.386Z", "updated_on": "2016-02-12T21:38:36.386Z", "tooth": 5, "patient": 4}}, {"model": "odontology.patienttooth", "pk": 102, "fields": {"created_on": "2016-02-12T21:38:36.394Z", "updated_on": "2016-02-12T21:38:36.394Z", "tooth": 6, "patient": 4}}, {"model": "odontology.patienttooth", "pk": 103, "fields": {"created_on": "2016-02-12T21:38:36.402Z", "updated_on": "2016-02-12T21:38:36.402Z", "tooth": 7, "patient": 4}}, {"model": "odontology.patienttooth", "pk": 104, "fields": {"created_on": "2016-02-12T21:38:36.410Z", "updated_on": "2016-02-12T21:38:36.410Z", "tooth": 8, "patient": 4}}, {"model": "odontology.patienttooth", "pk": 105, "fields": {"created_on": "2016-02-12T21:38:36.419Z", "updated_on": "2016-02-12T21:38:36.419Z", "tooth": 9, "patient": 4}}, {"model": "odontology.patienttooth", "pk": 106, "fields": {"created_on": "2016-02-12T21:38:36.427Z", "updated_on": "2016-02-12T21:38:36.427Z", "tooth": 10, "patient": 4}}, {"model": "odontology.patienttooth", "pk": 107, "fields": {"created_on": "2016-02-12T21:38:36.436Z", "updated_on": "2016-02-12T21:38:36.436Z", "tooth": 11, "patient": 4}}, {"model": "odontology.patienttooth", "pk": 108, "fields": {"created_on": "2016-02-12T21:38:36.444Z", "updated_on": "2016-02-12T21:38:36.444Z", "tooth": 12, "patient": 4}}, {"model": "odontology.patienttooth", "pk": 109, "fields": {"created_on": "2016-02-12T21:38:36.452Z", "updated_on": "2016-02-12T21:38:36.452Z", "tooth": 13, "patient": 4}}, {"model": "odontology.patienttooth", "pk": 110, "fields": {"created_on": "2016-02-12T21:38:36.461Z", "updated_on": "2016-02-12T21:38:36.461Z", "tooth": 14, "patient": 4}}, {"model": "odontology.patienttooth", "pk": 111, "fields": {"created_on": "2016-02-12T21:38:36.469Z", "updated_on": "2016-02-12T21:38:36.469Z", "tooth": 15, "patient": 4}}, {"model": "odontology.patienttooth", "pk": 112, "fields": {"created_on": "2016-02-12T21:38:36.477Z", "updated_on": "2016-02-12T21:38:36.477Z", "tooth": 16, "patient": 4}}, {"model": "odontology.patienttooth", "pk": 113, "fields": {"created_on": "2016-02-12T21:38:36.486Z", "updated_on": "2016-02-12T21:38:36.486Z", "tooth": 17, "patient": 4}}, {"model": "odontology.patienttooth", "pk": 114, "fields": {"created_on": "2016-02-12T21:38:36.494Z", "updated_on": "2016-02-12T21:38:36.494Z", "tooth": 18, "patient": 4}}, {"model": "odontology.patienttooth", "pk": 115, "fields": {"created_on": "2016-02-12T21:38:36.502Z", "updated_on": "2016-02-12T21:38:36.502Z", "tooth": 19, "patient": 4}}, {"model": "odontology.patienttooth", "pk": 116, "fields": {"created_on": "2016-02-12T21:38:36.511Z", "updated_on": "2016-02-12T21:38:36.511Z", "tooth": 20, "patient": 4}}, {"model": "odontology.patienttooth", "pk": 117, "fields": {"created_on": "2016-02-12T21:38:36.519Z", "updated_on": "2016-02-12T21:38:36.519Z", "tooth": 21, "patient": 4}}, {"model": "odontology.patienttooth", "pk": 118, "fields": {"created_on": "2016-02-12T21:38:36.527Z", "updated_on": "2016-02-12T21:38:36.527Z", "tooth": 22, "patient": 4}}, {"model": "odontology.patienttooth", "pk": 119, "fields": {"created_on": "2016-02-12T21:38:36.535Z", "updated_on": "2016-02-12T21:38:36.536Z", "tooth": 23, "patient": 4}}, {"model": "odontology.patienttooth", "pk": 120, "fields": {"created_on": "2016-02-12T21:38:36.544Z", "updated_on": "2016-02-12T21:38:36.544Z", "tooth": 24, "patient": 4}}, {"model": "odontology.patienttooth", "pk": 121, "fields": {"created_on": "2016-02-12T21:38:36.552Z", "updated_on": "2016-02-12T21:38:36.552Z", "tooth": 25, "patient": 4}}, {"model": "odontology.patienttooth", "pk": 122, "fields": {"created_on": "2016-02-12T21:38:36.560Z", "updated_on": "2016-02-12T21:38:36.561Z", "tooth": 26, "patient": 4}}, {"model": "odontology.patienttooth", "pk": 123, "fields": {"created_on": "2016-02-12T21:38:36.569Z", "updated_on": "2016-02-12T21:38:36.569Z", "tooth": 27, "patient": 4}}, {"model": "odontology.patienttooth", "pk": 124, "fields": {"created_on": "2016-02-12T21:38:36.577Z", "updated_on": "2016-02-12T21:38:36.577Z", "tooth": 28, "patient": 4}}, {"model": "odontology.patienttooth", "pk": 125, "fields": {"created_on": "2016-02-12T21:38:36.586Z", "updated_on": "2016-02-12T21:38:36.586Z", "tooth": 29, "patient": 4}}, {"model": "odontology.patienttooth", "pk": 126, "fields": {"created_on": "2016-02-12T21:38:36.594Z", "updated_on": "2016-02-12T21:38:36.594Z", "tooth": 30, "patient": 4}}, {"model": "odontology.patienttooth", "pk": 127, "fields": {"created_on": "2016-02-12T21:38:36.602Z", "updated_on": "2016-02-12T21:38:36.602Z", "tooth": 31, "patient": 4}}, {"model": "odontology.patienttooth", "pk": 128, "fields": {"created_on": "2016-02-12T21:38:36.611Z", "updated_on": "2016-02-12T21:38:36.611Z", "tooth": 32, "patient": 4}}, {"model": "odontology.patienttooth", "pk": 129, "fields": {"created_on": "2016-02-12T21:39:36.553Z", "updated_on": "2016-02-12T21:39:36.553Z", "tooth": 1, "patient": 5}}, {"model": "odontology.patienttooth", "pk": 130, "fields": {"created_on": "2016-02-12T21:39:36.593Z", "updated_on": "2016-02-12T21:39:36.593Z", "tooth": 2, "patient": 5}}, {"model": "odontology.patienttooth", "pk": 131, "fields": {"created_on": "2016-02-12T21:39:36.617Z", "updated_on": "2016-02-12T21:39:36.617Z", "tooth": 3, "patient": 5}}, {"model": "odontology.patienttooth", "pk": 132, "fields": {"created_on": "2016-02-12T21:39:36.625Z", "updated_on": "2016-02-12T21:39:36.625Z", "tooth": 4, "patient": 5}}, {"model": "odontology.patienttooth", "pk": 133, "fields": {"created_on": "2016-02-12T21:39:36.633Z", "updated_on": "2016-02-12T21:39:36.633Z", "tooth": 5, "patient": 5}}, {"model": "odontology.patienttooth", "pk": 134, "fields": {"created_on": "2016-02-12T21:39:36.642Z", "updated_on": "2016-02-12T21:39:36.642Z", "tooth": 6, "patient": 5}}, {"model": "odontology.patienttooth", "pk": 135, "fields": {"created_on": "2016-02-12T21:39:36.650Z", "updated_on": "2016-02-12T21:39:36.650Z", "tooth": 7, "patient": 5}}, {"model": "odontology.patienttooth", "pk": 136, "fields": {"created_on": "2016-02-12T21:39:36.658Z", "updated_on": "2016-02-12T21:39:36.658Z", "tooth": 8, "patient": 5}}, {"model": "odontology.patienttooth", "pk": 137, "fields": {"created_on": "2016-02-12T21:39:36.667Z", "updated_on": "2016-02-12T21:39:36.667Z", "tooth": 9, "patient": 5}}, {"model": "odontology.patienttooth", "pk": 138, "fields": {"created_on": "2016-02-12T21:39:36.675Z", "updated_on": "2016-02-12T21:39:36.675Z", "tooth": 10, "patient": 5}}, {"model": "odontology.patienttooth", "pk": 139, "fields": {"created_on": "2016-02-12T21:39:36.683Z", "updated_on": "2016-02-12T21:39:36.683Z", "tooth": 11, "patient": 5}}, {"model": "odontology.patienttooth", "pk": 140, "fields": {"created_on": "2016-02-12T21:39:36.692Z", "updated_on": "2016-02-12T21:39:36.692Z", "tooth": 12, "patient": 5}}, {"model": "odontology.patienttooth", "pk": 141, "fields": {"created_on": "2016-02-12T21:39:36.700Z", "updated_on": "2016-02-12T21:39:36.700Z", "tooth": 13, "patient": 5}}, {"model": "odontology.patienttooth", "pk": 142, "fields": {"created_on": "2016-02-12T21:39:36.708Z", "updated_on": "2016-02-12T21:39:36.708Z", "tooth": 14, "patient": 5}}, {"model": "odontology.patienttooth", "pk": 143, "fields": {"created_on": "2016-02-12T21:39:36.717Z", "updated_on": "2016-02-12T21:39:36.717Z", "tooth": 15, "patient": 5}}, {"model": "odontology.patienttooth", "pk": 144, "fields": {"created_on": "2016-02-12T21:39:36.725Z", "updated_on": "2016-02-12T21:39:36.725Z", "tooth": 16, "patient": 5}}, {"model": "odontology.patienttooth", "pk": 145, "fields": {"created_on": "2016-02-12T21:39:36.733Z", "updated_on": "2016-02-12T21:39:36.733Z", "tooth": 17, "patient": 5}}, {"model": "odontology.patienttooth", "pk": 146, "fields": {"created_on": "2016-02-12T21:39:36.742Z", "updated_on": "2016-02-12T21:39:36.742Z", "tooth": 18, "patient": 5}}, {"model": "odontology.patienttooth", "pk": 147, "fields": {"created_on": "2016-02-12T21:39:36.750Z", "updated_on": "2016-02-12T21:39:36.750Z", "tooth": 19, "patient": 5}}, {"model": "odontology.patienttooth", "pk": 148, "fields": {"created_on": "2016-02-12T21:39:36.758Z", "updated_on": "2016-02-12T21:39:36.758Z", "tooth": 20, "patient": 5}}, {"model": "odontology.patienttooth", "pk": 149, "fields": {"created_on": "2016-02-12T21:39:36.767Z", "updated_on": "2016-02-12T21:39:36.767Z", "tooth": 21, "patient": 5}}, {"model": "odontology.patienttooth", "pk": 150, "fields": {"created_on": "2016-02-12T21:39:36.775Z", "updated_on": "2016-02-12T21:39:36.775Z", "tooth": 22, "patient": 5}}, {"model": "odontology.patienttooth", "pk": 151, "fields": {"created_on": "2016-02-12T21:39:36.783Z", "updated_on": "2016-02-12T21:39:36.783Z", "tooth": 23, "patient": 5}}, {"model": "odontology.patienttooth", "pk": 152, "fields": {"created_on": "2016-02-12T21:39:36.792Z", "updated_on": "2016-02-12T21:39:36.792Z", "tooth": 24, "patient": 5}}, {"model": "odontology.patienttooth", "pk": 153, "fields": {"created_on": "2016-02-12T21:39:36.800Z", "updated_on": "2016-02-12T21:39:36.800Z", "tooth": 25, "patient": 5}}, {"model": "odontology.patienttooth", "pk": 154, "fields": {"created_on": "2016-02-12T21:39:36.808Z", "updated_on": "2016-02-12T21:39:36.808Z", "tooth": 26, "patient": 5}}, {"model": "odontology.patienttooth", "pk": 155, "fields": {"created_on": "2016-02-12T21:39:36.817Z", "updated_on": "2016-02-12T21:39:36.817Z", "tooth": 27, "patient": 5}}, {"model": "odontology.patienttooth", "pk": 156, "fields": {"created_on": "2016-02-12T21:39:36.825Z", "updated_on": "2016-02-12T21:39:36.825Z", "tooth": 28, "patient": 5}}, {"model": "odontology.patienttooth", "pk": 157, "fields": {"created_on": "2016-02-12T21:39:36.833Z", "updated_on": "2016-02-12T21:39:36.833Z", "tooth": 29, "patient": 5}}, {"model": "odontology.patienttooth", "pk": 158, "fields": {"created_on": "2016-02-12T21:39:36.842Z", "updated_on": "2016-02-12T21:39:36.842Z", "tooth": 30, "patient": 5}}, {"model": "odontology.patienttooth", "pk": 159, "fields": {"created_on": "2016-02-12T21:39:36.850Z", "updated_on": "2016-02-12T21:39:36.850Z", "tooth": 31, "patient": 5}}, {"model": "odontology.patienttooth", "pk": 160, "fields": {"created_on": "2016-02-12T21:39:36.858Z", "updated_on": "2016-02-12T21:39:36.858Z", "tooth": 32, "patient": 5}}, {"model": "odontology.patienttooth", "pk": 193, "fields": {"created_on": "2016-02-16T17:22:19.261Z", "updated_on": "2016-02-16T17:22:19.261Z", "tooth": 1, "patient": 7}}, {"model": "odontology.patienttooth", "pk": 194, "fields": {"created_on": "2016-02-16T17:22:19.274Z", "updated_on": "2016-02-16T17:22:19.274Z", "tooth": 2, "patient": 7}}, {"model": "odontology.patienttooth", "pk": 195, "fields": {"created_on": "2016-02-16T17:22:19.282Z", "updated_on": "2016-02-16T17:22:19.282Z", "tooth": 3, "patient": 7}}, {"model": "odontology.patienttooth", "pk": 196, "fields": {"created_on": "2016-02-16T17:22:19.290Z", "updated_on": "2016-02-16T17:22:19.290Z", "tooth": 4, "patient": 7}}, {"model": "odontology.patienttooth", "pk": 197, "fields": {"created_on": "2016-02-16T17:22:19.298Z", "updated_on": "2016-02-16T17:22:19.298Z", "tooth": 5, "patient": 7}}, {"model": "odontology.patienttooth", "pk": 198, "fields": {"created_on": "2016-02-16T17:22:19.307Z", "updated_on": "2016-02-16T17:22:19.307Z", "tooth": 6, "patient": 7}}, {"model": "odontology.patienttooth", "pk": 199, "fields": {"created_on": "2016-02-16T17:22:19.324Z", "updated_on": "2016-02-16T17:22:19.324Z", "tooth": 7, "patient": 7}}, {"model": "odontology.patienttooth", "pk": 200, "fields": {"created_on": "2016-02-16T17:22:19.332Z", "updated_on": "2016-02-16T17:22:19.332Z", "tooth": 8, "patient": 7}}, {"model": "odontology.patienttooth", "pk": 201, "fields": {"created_on": "2016-02-16T17:22:19.340Z", "updated_on": "2016-02-16T17:22:19.340Z", "tooth": 9, "patient": 7}}, {"model": "odontology.patienttooth", "pk": 202, "fields": {"created_on": "2016-02-16T17:22:19.349Z", "updated_on": "2016-02-16T17:22:19.349Z", "tooth": 10, "patient": 7}}, {"model": "odontology.patienttooth", "pk": 203, "fields": {"created_on": "2016-02-16T17:22:19.357Z", "updated_on": "2016-02-16T17:22:19.357Z", "tooth": 11, "patient": 7}}, {"model": "odontology.patienttooth", "pk": 204, "fields": {"created_on": "2016-02-16T17:22:19.365Z", "updated_on": "2016-02-16T17:22:19.365Z", "tooth": 12, "patient": 7}}, {"model": "odontology.patienttooth", "pk": 205, "fields": {"created_on": "2016-02-16T17:22:19.373Z", "updated_on": "2016-02-16T17:22:19.373Z", "tooth": 13, "patient": 7}}, {"model": "odontology.patienttooth", "pk": 206, "fields": {"created_on": "2016-02-16T17:22:19.382Z", "updated_on": "2016-02-16T17:22:19.382Z", "tooth": 14, "patient": 7}}, {"model": "odontology.patienttooth", "pk": 207, "fields": {"created_on": "2016-02-16T17:22:19.390Z", "updated_on": "2016-02-16T17:22:19.390Z", "tooth": 15, "patient": 7}}, {"model": "odontology.patienttooth", "pk": 208, "fields": {"created_on": "2016-02-16T17:22:19.398Z", "updated_on": "2016-02-16T17:22:19.398Z", "tooth": 16, "patient": 7}}, {"model": "odontology.patienttooth", "pk": 209, "fields": {"created_on": "2016-02-16T17:22:19.407Z", "updated_on": "2016-02-16T17:22:19.407Z", "tooth": 17, "patient": 7}}, {"model": "odontology.patienttooth", "pk": 210, "fields": {"created_on": "2016-02-16T17:22:19.415Z", "updated_on": "2016-02-16T17:22:19.415Z", "tooth": 18, "patient": 7}}, {"model": "odontology.patienttooth", "pk": 211, "fields": {"created_on": "2016-02-16T17:22:19.424Z", "updated_on": "2016-02-16T17:22:19.424Z", "tooth": 19, "patient": 7}}, {"model": "odontology.patienttooth", "pk": 212, "fields": {"created_on": "2016-02-16T17:22:19.432Z", "updated_on": "2016-02-16T17:22:19.432Z", "tooth": 20, "patient": 7}}, {"model": "odontology.patienttooth", "pk": 213, "fields": {"created_on": "2016-02-16T17:22:19.440Z", "updated_on": "2016-02-16T17:22:19.440Z", "tooth": 21, "patient": 7}}, {"model": "odontology.patienttooth", "pk": 214, "fields": {"created_on": "2016-02-16T17:22:19.449Z", "updated_on": "2016-02-16T17:22:19.449Z", "tooth": 22, "patient": 7}}, {"model": "odontology.patienttooth", "pk": 215, "fields": {"created_on": "2016-02-16T17:22:19.457Z", "updated_on": "2016-02-16T17:22:19.457Z", "tooth": 23, "patient": 7}}, {"model": "odontology.patienttooth", "pk": 216, "fields": {"created_on": "2016-02-16T17:22:19.465Z", "updated_on": "2016-02-16T17:22:19.465Z", "tooth": 24, "patient": 7}}, {"model": "odontology.patienttooth", "pk": 217, "fields": {"created_on": "2016-02-16T17:22:19.474Z", "updated_on": "2016-02-16T17:22:19.474Z", "tooth": 25, "patient": 7}}, {"model": "odontology.patienttooth", "pk": 218, "fields": {"created_on": "2016-02-16T17:22:19.482Z", "updated_on": "2016-02-16T17:22:19.482Z", "tooth": 26, "patient": 7}}, {"model": "odontology.patienttooth", "pk": 219, "fields": {"created_on": "2016-02-16T17:22:19.490Z", "updated_on": "2016-02-16T17:22:19.490Z", "tooth": 27, "patient": 7}}, {"model": "odontology.patienttooth", "pk": 220, "fields": {"created_on": "2016-02-16T17:22:19.499Z", "updated_on": "2016-02-16T17:22:19.499Z", "tooth": 28, "patient": 7}}, {"model": "odontology.patienttooth", "pk": 221, "fields": {"created_on": "2016-02-16T17:22:19.507Z", "updated_on": "2016-02-16T17:22:19.507Z", "tooth": 29, "patient": 7}}, {"model": "odontology.patienttooth", "pk": 222, "fields": {"created_on": "2016-02-16T17:22:19.515Z", "updated_on": "2016-02-16T17:22:19.515Z", "tooth": 30, "patient": 7}}, {"model": "odontology.patienttooth", "pk": 223, "fields": {"created_on": "2016-02-16T17:22:19.523Z", "updated_on": "2016-02-16T17:22:19.524Z", "tooth": 31, "patient": 7}}, {"model": "odontology.patienttooth", "pk": 224, "fields": {"created_on": "2016-02-16T17:22:19.532Z", "updated_on": "2016-02-16T17:22:19.532Z", "tooth": 32, "patient": 7}}, {"model": "odontology.patienttooth", "pk": 225, "fields": {"created_on": "2016-02-17T18:39:56.739Z", "updated_on": "2016-02-17T18:39:56.739Z", "tooth": 1, "patient": 8}}, {"model": "odontology.patienttooth", "pk": 226, "fields": {"created_on": "2016-02-17T18:39:56.786Z", "updated_on": "2016-02-17T18:39:56.786Z", "tooth": 2, "patient": 8}}, {"model": "odontology.patienttooth", "pk": 227, "fields": {"created_on": "2016-02-17T18:39:56.794Z", "updated_on": "2016-02-17T18:39:56.794Z", "tooth": 3, "patient": 8}}, {"model": "odontology.patienttooth", "pk": 228, "fields": {"created_on": "2016-02-17T18:39:56.802Z", "updated_on": "2016-02-17T18:39:56.802Z", "tooth": 4, "patient": 8}}, {"model": "odontology.patienttooth", "pk": 229, "fields": {"created_on": "2016-02-17T18:39:56.811Z", "updated_on": "2016-02-17T18:39:56.811Z", "tooth": 5, "patient": 8}}, {"model": "odontology.patienttooth", "pk": 230, "fields": {"created_on": "2016-02-17T18:39:56.819Z", "updated_on": "2016-02-17T18:39:56.819Z", "tooth": 6, "patient": 8}}, {"model": "odontology.patienttooth", "pk": 231, "fields": {"created_on": "2016-02-17T18:39:56.827Z", "updated_on": "2016-02-17T18:39:56.827Z", "tooth": 7, "patient": 8}}, {"model": "odontology.patienttooth", "pk": 232, "fields": {"created_on": "2016-02-17T18:39:56.861Z", "updated_on": "2016-02-17T18:39:56.861Z", "tooth": 8, "patient": 8}}, {"model": "odontology.patienttooth", "pk": 233, "fields": {"created_on": "2016-02-17T18:39:56.869Z", "updated_on": "2016-02-17T18:39:56.869Z", "tooth": 9, "patient": 8}}, {"model": "odontology.patienttooth", "pk": 234, "fields": {"created_on": "2016-02-17T18:39:56.877Z", "updated_on": "2016-02-17T18:39:56.877Z", "tooth": 10, "patient": 8}}, {"model": "odontology.patienttooth", "pk": 235, "fields": {"created_on": "2016-02-17T18:39:56.886Z", "updated_on": "2016-02-17T18:39:56.886Z", "tooth": 11, "patient": 8}}, {"model": "odontology.patienttooth", "pk": 236, "fields": {"created_on": "2016-02-17T18:39:56.894Z", "updated_on": "2016-02-17T18:39:56.894Z", "tooth": 12, "patient": 8}}, {"model": "odontology.patienttooth", "pk": 237, "fields": {"created_on": "2016-02-17T18:39:56.902Z", "updated_on": "2016-02-17T18:39:56.902Z", "tooth": 13, "patient": 8}}, {"model": "odontology.patienttooth", "pk": 238, "fields": {"created_on": "2016-02-17T18:39:56.911Z", "updated_on": "2016-02-17T18:39:56.911Z", "tooth": 14, "patient": 8}}, {"model": "odontology.patienttooth", "pk": 239, "fields": {"created_on": "2016-02-17T18:39:56.919Z", "updated_on": "2016-02-17T18:39:56.919Z", "tooth": 15, "patient": 8}}, {"model": "odontology.patienttooth", "pk": 240, "fields": {"created_on": "2016-02-17T18:39:56.927Z", "updated_on": "2016-02-17T18:39:56.927Z", "tooth": 16, "patient": 8}}, {"model": "odontology.patienttooth", "pk": 241, "fields": {"created_on": "2016-02-17T18:39:56.936Z", "updated_on": "2016-02-17T18:39:56.936Z", "tooth": 17, "patient": 8}}, {"model": "odontology.patienttooth", "pk": 242, "fields": {"created_on": "2016-02-17T18:39:56.944Z", "updated_on": "2016-02-17T18:39:56.944Z", "tooth": 18, "patient": 8}}, {"model": "odontology.patienttooth", "pk": 243, "fields": {"created_on": "2016-02-17T18:39:56.952Z", "updated_on": "2016-02-17T18:39:56.953Z", "tooth": 19, "patient": 8}}, {"model": "odontology.patienttooth", "pk": 244, "fields": {"created_on": "2016-02-17T18:39:56.961Z", "updated_on": "2016-02-17T18:39:56.961Z", "tooth": 20, "patient": 8}}, {"model": "odontology.patienttooth", "pk": 245, "fields": {"created_on": "2016-02-17T18:39:56.969Z", "updated_on": "2016-02-17T18:39:56.969Z", "tooth": 21, "patient": 8}}, {"model": "odontology.patienttooth", "pk": 246, "fields": {"created_on": "2016-02-17T18:39:56.978Z", "updated_on": "2016-02-17T18:39:56.978Z", "tooth": 22, "patient": 8}}, {"model": "odontology.patienttooth", "pk": 247, "fields": {"created_on": "2016-02-17T18:39:56.986Z", "updated_on": "2016-02-17T18:39:56.986Z", "tooth": 23, "patient": 8}}, {"model": "odontology.patienttooth", "pk": 248, "fields": {"created_on": "2016-02-17T18:39:56.994Z", "updated_on": "2016-02-17T18:39:56.994Z", "tooth": 24, "patient": 8}}, {"model": "odontology.patienttooth", "pk": 249, "fields": {"created_on": "2016-02-17T18:39:57.003Z", "updated_on": "2016-02-17T18:39:57.003Z", "tooth": 25, "patient": 8}}, {"model": "odontology.patienttooth", "pk": 250, "fields": {"created_on": "2016-02-17T18:39:57.011Z", "updated_on": "2016-02-17T18:39:57.011Z", "tooth": 26, "patient": 8}}, {"model": "odontology.patienttooth", "pk": 251, "fields": {"created_on": "2016-02-17T18:39:57.019Z", "updated_on": "2016-02-17T18:39:57.019Z", "tooth": 27, "patient": 8}}, {"model": "odontology.patienttooth", "pk": 252, "fields": {"created_on": "2016-02-17T18:39:57.027Z", "updated_on": "2016-02-17T18:39:57.027Z", "tooth": 28, "patient": 8}}, {"model": "odontology.patienttooth", "pk": 253, "fields": {"created_on": "2016-02-17T18:39:57.036Z", "updated_on": "2016-02-17T18:39:57.036Z", "tooth": 29, "patient": 8}}, {"model": "odontology.patienttooth", "pk": 254, "fields": {"created_on": "2016-02-17T18:39:57.044Z", "updated_on": "2016-02-17T18:39:57.044Z", "tooth": 30, "patient": 8}}, {"model": "odontology.patienttooth", "pk": 255, "fields": {"created_on": "2016-02-17T18:39:57.052Z", "updated_on": "2016-02-17T18:39:57.053Z", "tooth": 31, "patient": 8}}, {"model": "odontology.patienttooth", "pk": 256, "fields": {"created_on": "2016-02-17T18:39:57.061Z", "updated_on": "2016-02-17T18:39:57.061Z", "tooth": 32, "patient": 8}}, {"model": "odontology.patienttooth", "pk": 257, "fields": {"created_on": "2016-02-17T18:42:29.465Z", "updated_on": "2016-02-17T18:42:29.465Z", "tooth": 1, "patient": 9}}, {"model": "odontology.patienttooth", "pk": 258, "fields": {"created_on": "2016-02-17T18:42:29.505Z", "updated_on": "2016-02-17T18:42:29.505Z", "tooth": 2, "patient": 9}}, {"model": "odontology.patienttooth", "pk": 259, "fields": {"created_on": "2016-02-17T18:42:29.530Z", "updated_on": "2016-02-17T18:42:29.530Z", "tooth": 3, "patient": 9}}, {"model": "odontology.patienttooth", "pk": 260, "fields": {"created_on": "2016-02-17T18:42:29.538Z", "updated_on": "2016-02-17T18:42:29.538Z", "tooth": 4, "patient": 9}}, {"model": "odontology.patienttooth", "pk": 261, "fields": {"created_on": "2016-02-17T18:42:29.547Z", "updated_on": "2016-02-17T18:42:29.547Z", "tooth": 5, "patient": 9}}, {"model": "odontology.patienttooth", "pk": 262, "fields": {"created_on": "2016-02-17T18:42:29.555Z", "updated_on": "2016-02-17T18:42:29.555Z", "tooth": 6, "patient": 9}}, {"model": "odontology.patienttooth", "pk": 263, "fields": {"created_on": "2016-02-17T18:42:29.563Z", "updated_on": "2016-02-17T18:42:29.563Z", "tooth": 7, "patient": 9}}, {"model": "odontology.patienttooth", "pk": 264, "fields": {"created_on": "2016-02-17T18:42:29.572Z", "updated_on": "2016-02-17T18:42:29.572Z", "tooth": 8, "patient": 9}}, {"model": "odontology.patienttooth", "pk": 265, "fields": {"created_on": "2016-02-17T18:42:29.580Z", "updated_on": "2016-02-17T18:42:29.580Z", "tooth": 9, "patient": 9}}, {"model": "odontology.patienttooth", "pk": 266, "fields": {"created_on": "2016-02-17T18:42:29.588Z", "updated_on": "2016-02-17T18:42:29.588Z", "tooth": 10, "patient": 9}}, {"model": "odontology.patienttooth", "pk": 267, "fields": {"created_on": "2016-02-17T18:42:29.597Z", "updated_on": "2016-02-17T18:42:29.597Z", "tooth": 11, "patient": 9}}, {"model": "odontology.patienttooth", "pk": 268, "fields": {"created_on": "2016-02-17T18:42:29.605Z", "updated_on": "2016-02-17T18:42:29.605Z", "tooth": 12, "patient": 9}}, {"model": "odontology.patienttooth", "pk": 269, "fields": {"created_on": "2016-02-17T18:42:29.613Z", "updated_on": "2016-02-17T18:42:29.613Z", "tooth": 13, "patient": 9}}, {"model": "odontology.patienttooth", "pk": 270, "fields": {"created_on": "2016-02-17T18:42:29.621Z", "updated_on": "2016-02-17T18:42:29.621Z", "tooth": 14, "patient": 9}}, {"model": "odontology.patienttooth", "pk": 271, "fields": {"created_on": "2016-02-17T18:42:29.630Z", "updated_on": "2016-02-17T18:42:29.630Z", "tooth": 15, "patient": 9}}, {"model": "odontology.patienttooth", "pk": 272, "fields": {"created_on": "2016-02-17T18:42:29.638Z", "updated_on": "2016-02-17T18:42:29.638Z", "tooth": 16, "patient": 9}}, {"model": "odontology.patienttooth", "pk": 273, "fields": {"created_on": "2016-02-17T18:42:29.646Z", "updated_on": "2016-02-17T18:42:29.646Z", "tooth": 17, "patient": 9}}, {"model": "odontology.patienttooth", "pk": 274, "fields": {"created_on": "2016-02-17T18:42:29.655Z", "updated_on": "2016-02-17T18:42:29.655Z", "tooth": 18, "patient": 9}}, {"model": "odontology.patienttooth", "pk": 275, "fields": {"created_on": "2016-02-17T18:42:29.663Z", "updated_on": "2016-02-17T18:42:29.663Z", "tooth": 19, "patient": 9}}, {"model": "odontology.patienttooth", "pk": 276, "fields": {"created_on": "2016-02-17T18:42:29.671Z", "updated_on": "2016-02-17T18:42:29.671Z", "tooth": 20, "patient": 9}}, {"model": "odontology.patienttooth", "pk": 277, "fields": {"created_on": "2016-02-17T18:42:29.680Z", "updated_on": "2016-02-17T18:42:29.680Z", "tooth": 21, "patient": 9}}, {"model": "odontology.patienttooth", "pk": 278, "fields": {"created_on": "2016-02-17T18:42:29.688Z", "updated_on": "2016-02-17T18:42:29.688Z", "tooth": 22, "patient": 9}}, {"model": "odontology.patienttooth", "pk": 279, "fields": {"created_on": "2016-02-17T18:42:29.696Z", "updated_on": "2016-02-17T18:42:29.696Z", "tooth": 23, "patient": 9}}, {"model": "odontology.patienttooth", "pk": 280, "fields": {"created_on": "2016-02-17T18:42:29.705Z", "updated_on": "2016-02-17T18:42:29.705Z", "tooth": 24, "patient": 9}}, {"model": "odontology.patienttooth", "pk": 281, "fields": {"created_on": "2016-02-17T18:42:29.713Z", "updated_on": "2016-02-17T18:42:29.713Z", "tooth": 25, "patient": 9}}, {"model": "odontology.patienttooth", "pk": 282, "fields": {"created_on": "2016-02-17T18:42:29.722Z", "updated_on": "2016-02-17T18:42:29.722Z", "tooth": 26, "patient": 9}}, {"model": "odontology.patienttooth", "pk": 283, "fields": {"created_on": "2016-02-17T18:42:29.730Z", "updated_on": "2016-02-17T18:42:29.730Z", "tooth": 27, "patient": 9}}, {"model": "odontology.patienttooth", "pk": 284, "fields": {"created_on": "2016-02-17T18:42:29.738Z", "updated_on": "2016-02-17T18:42:29.738Z", "tooth": 28, "patient": 9}}, {"model": "odontology.patienttooth", "pk": 285, "fields": {"created_on": "2016-02-17T18:42:29.747Z", "updated_on": "2016-02-17T18:42:29.747Z", "tooth": 29, "patient": 9}}, {"model": "odontology.patienttooth", "pk": 286, "fields": {"created_on": "2016-02-17T18:42:29.755Z", "updated_on": "2016-02-17T18:42:29.755Z", "tooth": 30, "patient": 9}}, {"model": "odontology.patienttooth", "pk": 287, "fields": {"created_on": "2016-02-17T18:42:29.763Z", "updated_on": "2016-02-17T18:42:29.763Z", "tooth": 31, "patient": 9}}, {"model": "odontology.patienttooth", "pk": 288, "fields": {"created_on": "2016-02-17T18:42:29.772Z", "updated_on": "2016-02-17T18:42:29.772Z", "tooth": 32, "patient": 9}}, {"model": "odontology.patienttooth", "pk": 289, "fields": {"created_on": "2016-02-17T19:14:13.973Z", "updated_on": "2016-02-17T19:14:13.973Z", "tooth": 1, "patient": 10}}, {"model": "odontology.patienttooth", "pk": 290, "fields": {"created_on": "2016-02-17T19:14:14.012Z", "updated_on": "2016-02-17T19:14:14.012Z", "tooth": 2, "patient": 10}}, {"model": "odontology.patienttooth", "pk": 291, "fields": {"created_on": "2016-02-17T19:14:14.062Z", "updated_on": "2016-02-17T19:14:14.062Z", "tooth": 3, "patient": 10}}, {"model": "odontology.patienttooth", "pk": 292, "fields": {"created_on": "2016-02-17T19:14:14.121Z", "updated_on": "2016-02-17T19:14:14.121Z", "tooth": 4, "patient": 10}}, {"model": "odontology.patienttooth", "pk": 293, "fields": {"created_on": "2016-02-17T19:14:14.210Z", "updated_on": "2016-02-17T19:14:14.210Z", "tooth": 5, "patient": 10}}, {"model": "odontology.patienttooth", "pk": 294, "fields": {"created_on": "2016-02-17T19:14:14.254Z", "updated_on": "2016-02-17T19:14:14.254Z", "tooth": 6, "patient": 10}}, {"model": "odontology.patienttooth", "pk": 295, "fields": {"created_on": "2016-02-17T19:14:14.262Z", "updated_on": "2016-02-17T19:14:14.262Z", "tooth": 7, "patient": 10}}, {"model": "odontology.patienttooth", "pk": 296, "fields": {"created_on": "2016-02-17T19:14:14.270Z", "updated_on": "2016-02-17T19:14:14.270Z", "tooth": 8, "patient": 10}}, {"model": "odontology.patienttooth", "pk": 297, "fields": {"created_on": "2016-02-17T19:14:14.279Z", "updated_on": "2016-02-17T19:14:14.279Z", "tooth": 9, "patient": 10}}, {"model": "odontology.patienttooth", "pk": 298, "fields": {"created_on": "2016-02-17T19:14:14.287Z", "updated_on": "2016-02-17T19:14:14.287Z", "tooth": 10, "patient": 10}}, {"model": "odontology.patienttooth", "pk": 299, "fields": {"created_on": "2016-02-17T19:14:14.295Z", "updated_on": "2016-02-17T19:14:14.295Z", "tooth": 11, "patient": 10}}, {"model": "odontology.patienttooth", "pk": 300, "fields": {"created_on": "2016-02-17T19:14:14.304Z", "updated_on": "2016-02-17T19:14:14.304Z", "tooth": 12, "patient": 10}}, {"model": "odontology.patienttooth", "pk": 301, "fields": {"created_on": "2016-02-17T19:14:14.312Z", "updated_on": "2016-02-17T19:14:14.312Z", "tooth": 13, "patient": 10}}, {"model": "odontology.patienttooth", "pk": 302, "fields": {"created_on": "2016-02-17T19:14:14.320Z", "updated_on": "2016-02-17T19:14:14.320Z", "tooth": 14, "patient": 10}}, {"model": "odontology.patienttooth", "pk": 303, "fields": {"created_on": "2016-02-17T19:14:14.329Z", "updated_on": "2016-02-17T19:14:14.329Z", "tooth": 15, "patient": 10}}, {"model": "odontology.patienttooth", "pk": 304, "fields": {"created_on": "2016-02-17T19:14:14.337Z", "updated_on": "2016-02-17T19:14:14.337Z", "tooth": 16, "patient": 10}}, {"model": "odontology.patienttooth", "pk": 305, "fields": {"created_on": "2016-02-17T19:14:14.345Z", "updated_on": "2016-02-17T19:14:14.345Z", "tooth": 17, "patient": 10}}, {"model": "odontology.patienttooth", "pk": 306, "fields": {"created_on": "2016-02-17T19:14:14.354Z", "updated_on": "2016-02-17T19:14:14.354Z", "tooth": 18, "patient": 10}}, {"model": "odontology.patienttooth", "pk": 307, "fields": {"created_on": "2016-02-17T19:14:14.362Z", "updated_on": "2016-02-17T19:14:14.362Z", "tooth": 19, "patient": 10}}, {"model": "odontology.patienttooth", "pk": 308, "fields": {"created_on": "2016-02-17T19:14:14.371Z", "updated_on": "2016-02-17T19:14:14.371Z", "tooth": 20, "patient": 10}}, {"model": "odontology.patienttooth", "pk": 309, "fields": {"created_on": "2016-02-17T19:14:14.379Z", "updated_on": "2016-02-17T19:14:14.379Z", "tooth": 21, "patient": 10}}, {"model": "odontology.patienttooth", "pk": 310, "fields": {"created_on": "2016-02-17T19:14:14.387Z", "updated_on": "2016-02-17T19:14:14.387Z", "tooth": 22, "patient": 10}}, {"model": "odontology.patienttooth", "pk": 311, "fields": {"created_on": "2016-02-17T19:14:14.395Z", "updated_on": "2016-02-17T19:14:14.395Z", "tooth": 23, "patient": 10}}, {"model": "odontology.patienttooth", "pk": 312, "fields": {"created_on": "2016-02-17T19:14:14.404Z", "updated_on": "2016-02-17T19:14:14.404Z", "tooth": 24, "patient": 10}}, {"model": "odontology.patienttooth", "pk": 313, "fields": {"created_on": "2016-02-17T19:14:14.412Z", "updated_on": "2016-02-17T19:14:14.412Z", "tooth": 25, "patient": 10}}, {"model": "odontology.patienttooth", "pk": 314, "fields": {"created_on": "2016-02-17T19:14:14.420Z", "updated_on": "2016-02-17T19:14:14.420Z", "tooth": 26, "patient": 10}}, {"model": "odontology.patienttooth", "pk": 315, "fields": {"created_on": "2016-02-17T19:14:14.429Z", "updated_on": "2016-02-17T19:14:14.429Z", "tooth": 27, "patient": 10}}, {"model": "odontology.patienttooth", "pk": 316, "fields": {"created_on": "2016-02-17T19:14:14.437Z", "updated_on": "2016-02-17T19:14:14.437Z", "tooth": 28, "patient": 10}}, {"model": "odontology.patienttooth", "pk": 317, "fields": {"created_on": "2016-02-17T19:14:14.445Z", "updated_on": "2016-02-17T19:14:14.445Z", "tooth": 29, "patient": 10}}, {"model": "odontology.patienttooth", "pk": 318, "fields": {"created_on": "2016-02-17T19:14:14.454Z", "updated_on": "2016-02-17T19:14:14.454Z", "tooth": 30, "patient": 10}}, {"model": "odontology.patienttooth", "pk": 319, "fields": {"created_on": "2016-02-17T19:14:14.462Z", "updated_on": "2016-02-17T19:14:14.462Z", "tooth": 31, "patient": 10}}, {"model": "odontology.patienttooth", "pk": 320, "fields": {"created_on": "2016-02-17T19:14:14.470Z", "updated_on": "2016-02-17T19:14:14.470Z", "tooth": 32, "patient": 10}}, {"model": "odontology.patienttooth", "pk": 321, "fields": {"created_on": "2016-02-18T18:13:56.397Z", "updated_on": "2016-02-18T18:13:56.397Z", "tooth": 1, "patient": 11}}, {"model": "odontology.patienttooth", "pk": 322, "fields": {"created_on": "2016-02-18T18:13:56.444Z", "updated_on": "2016-02-18T18:13:56.444Z", "tooth": 2, "patient": 11}}, {"model": "odontology.patienttooth", "pk": 323, "fields": {"created_on": "2016-02-18T18:13:56.477Z", "updated_on": "2016-02-18T18:13:56.477Z", "tooth": 3, "patient": 11}}, {"model": "odontology.patienttooth", "pk": 324, "fields": {"created_on": "2016-02-18T18:13:56.486Z", "updated_on": "2016-02-18T18:13:56.486Z", "tooth": 4, "patient": 11}}, {"model": "odontology.patienttooth", "pk": 325, "fields": {"created_on": "2016-02-18T18:13:56.494Z", "updated_on": "2016-02-18T18:13:56.494Z", "tooth": 5, "patient": 11}}, {"model": "odontology.patienttooth", "pk": 326, "fields": {"created_on": "2016-02-18T18:13:56.502Z", "updated_on": "2016-02-18T18:13:56.502Z", "tooth": 6, "patient": 11}}, {"model": "odontology.patienttooth", "pk": 327, "fields": {"created_on": "2016-02-18T18:13:56.510Z", "updated_on": "2016-02-18T18:13:56.511Z", "tooth": 7, "patient": 11}}, {"model": "odontology.patienttooth", "pk": 328, "fields": {"created_on": "2016-02-18T18:13:56.519Z", "updated_on": "2016-02-18T18:13:56.519Z", "tooth": 8, "patient": 11}}, {"model": "odontology.patienttooth", "pk": 329, "fields": {"created_on": "2016-02-18T18:13:56.527Z", "updated_on": "2016-02-18T18:13:56.527Z", "tooth": 9, "patient": 11}}, {"model": "odontology.patienttooth", "pk": 330, "fields": {"created_on": "2016-02-18T18:13:56.536Z", "updated_on": "2016-02-18T18:13:56.536Z", "tooth": 10, "patient": 11}}, {"model": "odontology.patienttooth", "pk": 331, "fields": {"created_on": "2016-02-18T18:13:56.544Z", "updated_on": "2016-02-18T18:13:56.544Z", "tooth": 11, "patient": 11}}, {"model": "odontology.patienttooth", "pk": 332, "fields": {"created_on": "2016-02-18T18:13:56.552Z", "updated_on": "2016-02-18T18:13:56.552Z", "tooth": 12, "patient": 11}}, {"model": "odontology.patienttooth", "pk": 333, "fields": {"created_on": "2016-02-18T18:13:56.560Z", "updated_on": "2016-02-18T18:13:56.560Z", "tooth": 13, "patient": 11}}, {"model": "odontology.patienttooth", "pk": 334, "fields": {"created_on": "2016-02-18T18:13:56.569Z", "updated_on": "2016-02-18T18:13:56.569Z", "tooth": 14, "patient": 11}}, {"model": "odontology.patienttooth", "pk": 335, "fields": {"created_on": "2016-02-18T18:13:56.577Z", "updated_on": "2016-02-18T18:13:56.577Z", "tooth": 15, "patient": 11}}, {"model": "odontology.patienttooth", "pk": 336, "fields": {"created_on": "2016-02-18T18:13:56.585Z", "updated_on": "2016-02-18T18:13:56.586Z", "tooth": 16, "patient": 11}}, {"model": "odontology.patienttooth", "pk": 337, "fields": {"created_on": "2016-02-18T18:13:56.594Z", "updated_on": "2016-02-18T18:13:56.594Z", "tooth": 17, "patient": 11}}, {"model": "odontology.patienttooth", "pk": 338, "fields": {"created_on": "2016-02-18T18:13:56.602Z", "updated_on": "2016-02-18T18:13:56.602Z", "tooth": 18, "patient": 11}}, {"model": "odontology.patienttooth", "pk": 339, "fields": {"created_on": "2016-02-18T18:13:56.611Z", "updated_on": "2016-02-18T18:13:56.611Z", "tooth": 19, "patient": 11}}, {"model": "odontology.patienttooth", "pk": 340, "fields": {"created_on": "2016-02-18T18:13:56.619Z", "updated_on": "2016-02-18T18:13:56.619Z", "tooth": 20, "patient": 11}}, {"model": "odontology.patienttooth", "pk": 341, "fields": {"created_on": "2016-02-18T18:13:56.627Z", "updated_on": "2016-02-18T18:13:56.627Z", "tooth": 21, "patient": 11}}, {"model": "odontology.patienttooth", "pk": 342, "fields": {"created_on": "2016-02-18T18:13:56.636Z", "updated_on": "2016-02-18T18:13:56.636Z", "tooth": 22, "patient": 11}}, {"model": "odontology.patienttooth", "pk": 343, "fields": {"created_on": "2016-02-18T18:13:56.644Z", "updated_on": "2016-02-18T18:13:56.644Z", "tooth": 23, "patient": 11}}, {"model": "odontology.patienttooth", "pk": 344, "fields": {"created_on": "2016-02-18T18:13:56.652Z", "updated_on": "2016-02-18T18:13:56.652Z", "tooth": 24, "patient": 11}}, {"model": "odontology.patienttooth", "pk": 345, "fields": {"created_on": "2016-02-18T18:13:56.660Z", "updated_on": "2016-02-18T18:13:56.661Z", "tooth": 25, "patient": 11}}, {"model": "odontology.patienttooth", "pk": 346, "fields": {"created_on": "2016-02-18T18:13:56.669Z", "updated_on": "2016-02-18T18:13:56.669Z", "tooth": 26, "patient": 11}}, {"model": "odontology.patienttooth", "pk": 347, "fields": {"created_on": "2016-02-18T18:13:56.677Z", "updated_on": "2016-02-18T18:13:56.677Z", "tooth": 27, "patient": 11}}, {"model": "odontology.patienttooth", "pk": 348, "fields": {"created_on": "2016-02-18T18:13:56.686Z", "updated_on": "2016-02-18T18:13:56.686Z", "tooth": 28, "patient": 11}}, {"model": "odontology.patienttooth", "pk": 349, "fields": {"created_on": "2016-02-18T18:13:56.694Z", "updated_on": "2016-02-18T18:13:56.694Z", "tooth": 29, "patient": 11}}, {"model": "odontology.patienttooth", "pk": 350, "fields": {"created_on": "2016-02-18T18:13:56.702Z", "updated_on": "2016-02-18T18:13:56.702Z", "tooth": 30, "patient": 11}}, {"model": "odontology.patienttooth", "pk": 351, "fields": {"created_on": "2016-02-18T18:13:56.711Z", "updated_on": "2016-02-18T18:13:56.711Z", "tooth": 31, "patient": 11}}, {"model": "odontology.patienttooth", "pk": 352, "fields": {"created_on": "2016-02-18T18:13:56.719Z", "updated_on": "2016-02-18T18:13:56.719Z", "tooth": 32, "patient": 11}}, {"model": "odontology.patienttooth", "pk": 353, "fields": {"created_on": "2016-02-18T20:53:12.333Z", "updated_on": "2016-02-18T20:53:12.333Z", "tooth": 1, "patient": 12}}, {"model": "odontology.patienttooth", "pk": 354, "fields": {"created_on": "2016-02-18T20:53:12.372Z", "updated_on": "2016-02-18T20:53:12.372Z", "tooth": 2, "patient": 12}}, {"model": "odontology.patienttooth", "pk": 355, "fields": {"created_on": "2016-02-18T20:53:12.405Z", "updated_on": "2016-02-18T20:53:12.405Z", "tooth": 3, "patient": 12}}, {"model": "odontology.patienttooth", "pk": 356, "fields": {"created_on": "2016-02-18T20:53:12.476Z", "updated_on": "2016-02-18T20:53:12.476Z", "tooth": 4, "patient": 12}}, {"model": "odontology.patienttooth", "pk": 357, "fields": {"created_on": "2016-02-18T20:53:12.505Z", "updated_on": "2016-02-18T20:53:12.505Z", "tooth": 5, "patient": 12}}, {"model": "odontology.patienttooth", "pk": 358, "fields": {"created_on": "2016-02-18T20:53:12.513Z", "updated_on": "2016-02-18T20:53:12.514Z", "tooth": 6, "patient": 12}}, {"model": "odontology.patienttooth", "pk": 359, "fields": {"created_on": "2016-02-18T20:53:12.522Z", "updated_on": "2016-02-18T20:53:12.522Z", "tooth": 7, "patient": 12}}, {"model": "odontology.patienttooth", "pk": 360, "fields": {"created_on": "2016-02-18T20:53:12.530Z", "updated_on": "2016-02-18T20:53:12.530Z", "tooth": 8, "patient": 12}}, {"model": "odontology.patienttooth", "pk": 361, "fields": {"created_on": "2016-02-18T20:53:12.539Z", "updated_on": "2016-02-18T20:53:12.539Z", "tooth": 9, "patient": 12}}, {"model": "odontology.patienttooth", "pk": 362, "fields": {"created_on": "2016-02-18T20:53:12.547Z", "updated_on": "2016-02-18T20:53:12.547Z", "tooth": 10, "patient": 12}}, {"model": "odontology.patienttooth", "pk": 363, "fields": {"created_on": "2016-02-18T20:53:12.555Z", "updated_on": "2016-02-18T20:53:12.555Z", "tooth": 11, "patient": 12}}, {"model": "odontology.patienttooth", "pk": 364, "fields": {"created_on": "2016-02-18T20:53:12.564Z", "updated_on": "2016-02-18T20:53:12.564Z", "tooth": 12, "patient": 12}}, {"model": "odontology.patienttooth", "pk": 365, "fields": {"created_on": "2016-02-18T20:53:12.572Z", "updated_on": "2016-02-18T20:53:12.572Z", "tooth": 13, "patient": 12}}, {"model": "odontology.patienttooth", "pk": 366, "fields": {"created_on": "2016-02-18T20:53:12.580Z", "updated_on": "2016-02-18T20:53:12.580Z", "tooth": 14, "patient": 12}}, {"model": "odontology.patienttooth", "pk": 367, "fields": {"created_on": "2016-02-18T20:53:12.589Z", "updated_on": "2016-02-18T20:53:12.589Z", "tooth": 15, "patient": 12}}, {"model": "odontology.patienttooth", "pk": 368, "fields": {"created_on": "2016-02-18T20:53:12.597Z", "updated_on": "2016-02-18T20:53:12.597Z", "tooth": 16, "patient": 12}}, {"model": "odontology.patienttooth", "pk": 369, "fields": {"created_on": "2016-02-18T20:53:12.605Z", "updated_on": "2016-02-18T20:53:12.605Z", "tooth": 17, "patient": 12}}, {"model": "odontology.patienttooth", "pk": 370, "fields": {"created_on": "2016-02-18T20:53:12.614Z", "updated_on": "2016-02-18T20:53:12.614Z", "tooth": 18, "patient": 12}}, {"model": "odontology.patienttooth", "pk": 371, "fields": {"created_on": "2016-02-18T20:53:12.622Z", "updated_on": "2016-02-18T20:53:12.622Z", "tooth": 19, "patient": 12}}, {"model": "odontology.patienttooth", "pk": 372, "fields": {"created_on": "2016-02-18T20:53:12.630Z", "updated_on": "2016-02-18T20:53:12.630Z", "tooth": 20, "patient": 12}}, {"model": "odontology.patienttooth", "pk": 373, "fields": {"created_on": "2016-02-18T20:53:12.639Z", "updated_on": "2016-02-18T20:53:12.639Z", "tooth": 21, "patient": 12}}, {"model": "odontology.patienttooth", "pk": 374, "fields": {"created_on": "2016-02-18T20:53:12.647Z", "updated_on": "2016-02-18T20:53:12.647Z", "tooth": 22, "patient": 12}}, {"model": "odontology.patienttooth", "pk": 375, "fields": {"created_on": "2016-02-18T20:53:12.655Z", "updated_on": "2016-02-18T20:53:12.655Z", "tooth": 23, "patient": 12}}, {"model": "odontology.patienttooth", "pk": 376, "fields": {"created_on": "2016-02-18T20:53:12.663Z", "updated_on": "2016-02-18T20:53:12.664Z", "tooth": 24, "patient": 12}}, {"model": "odontology.patienttooth", "pk": 377, "fields": {"created_on": "2016-02-18T20:53:12.672Z", "updated_on": "2016-02-18T20:53:12.672Z", "tooth": 25, "patient": 12}}, {"model": "odontology.patienttooth", "pk": 378, "fields": {"created_on": "2016-02-18T20:53:12.680Z", "updated_on": "2016-02-18T20:53:12.680Z", "tooth": 26, "patient": 12}}, {"model": "odontology.patienttooth", "pk": 379, "fields": {"created_on": "2016-02-18T20:53:12.689Z", "updated_on": "2016-02-18T20:53:12.689Z", "tooth": 27, "patient": 12}}, {"model": "odontology.patienttooth", "pk": 380, "fields": {"created_on": "2016-02-18T20:53:12.697Z", "updated_on": "2016-02-18T20:53:12.697Z", "tooth": 28, "patient": 12}}, {"model": "odontology.patienttooth", "pk": 381, "fields": {"created_on": "2016-02-18T20:53:12.705Z", "updated_on": "2016-02-18T20:53:12.705Z", "tooth": 29, "patient": 12}}, {"model": "odontology.patienttooth", "pk": 382, "fields": {"created_on": "2016-02-18T20:53:12.714Z", "updated_on": "2016-02-18T20:53:12.714Z", "tooth": 30, "patient": 12}}, {"model": "odontology.patienttooth", "pk": 383, "fields": {"created_on": "2016-02-18T20:53:12.722Z", "updated_on": "2016-02-18T20:53:12.722Z", "tooth": 31, "patient": 12}}, {"model": "odontology.patienttooth", "pk": 384, "fields": {"created_on": "2016-02-18T20:53:12.730Z", "updated_on": "2016-02-18T20:53:12.730Z", "tooth": 32, "patient": 12}}, {"model": "odontology.proceduredental", "pk": 1, "fields": {"created_on": "2016-01-28T20:52:58.717Z", "updated_on": "2016-01-28T20:52:58.717Z", "name": "Restaurado", "description": "Restaurado"}}, {"model": "odontology.proceduredental", "pk": 2, "fields": {"created_on": "2016-01-28T20:53:12.066Z", "updated_on": "2016-01-28T20:53:12.066Z", "name": "Cariado", "description": "Cariado"}}, {"model": "odontology.proceduredental", "pk": 3, "fields": {"created_on": "2016-01-28T20:53:12.066Z", "updated_on": "2016-01-28T20:53:12.066Z", "name": "Restaura\u00e7\u00e3o a ser feita", "description": "Restaura\u00e7\u00e3o a ser feita"}}, {"model": "odontology.proceduredental", "pk": 4, "fields": {"created_on": "2016-01-28T20:53:12.066Z", "updated_on": "2016-01-28T20:53:12.066Z", "name": "Indicado para extra\u00e7\u00e3o", "description": "Indicado para extra\u00e7\u00e3o"}}, {"model": "odontology.proceduredental", "pk": 5, "fields": {"created_on": "2016-01-28T20:53:12.066Z", "updated_on": "2016-01-28T20:53:12.066Z", "name": "Extra\u00eddo ou ausente", "description": "Extra\u00eddo ou ausente"}}, {"model": "odontology.oralprocedure", "pk": 1, "fields": {"created_on": "2016-01-28T20:53:46.933Z", "updated_on": "2016-01-28T20:53:46.933Z", "name": "Raspagem", "description": "Raspagem"}}, {"model": "odontology.oralprocedure", "pk": 2, "fields": {"created_on": "2016-01-28T20:53:59.713Z", "updated_on": "2016-02-19T11:43:27.561Z", "name": "Profilaxia", "description": "Profilaxia"}}, {"model": "odontology.oralprocedure", "pk": 3, "fields": {"created_on": "2016-01-28T20:54:16.756Z", "updated_on": "2016-02-19T11:42:36.755Z", "name": "Fluor", "description": "Fluor"}}, {"model": "odontology.oralprocedure", "pk": 4, "fields": {"created_on": "2016-02-19T11:46:36.958Z", "updated_on": "2016-02-19T11:46:36.958Z", "name": "Exodontia", "description": "Exodontia"}}, {"model": "odontology.oralprocedure", "pk": 5, "fields": {"created_on": "2016-02-19T11:46:53.971Z", "updated_on": "2016-02-19T11:46:53.971Z", "name": "Remo\u00e7\u00e3o de Pontos", "description": "Remo\u00e7\u00e3o de Pontos"}}, {"model": "auth.permission", "pk": 1, "fields": {"name": "Can add log entry", "content_type": 1, "codename": "add_logentry"}}, {"model": "auth.permission", "pk": 2, "fields": {"name": "Can change log entry", "content_type": 1, "codename": "change_logentry"}}, {"model": "auth.permission", "pk": 3, "fields": {"name": "Can delete log entry", "content_type": 1, "codename": "delete_logentry"}}, {"model": "auth.permission", "pk": 4, "fields": {"name": "Can add permission", "content_type": 2, "codename": "add_permission"}}, {"model": "auth.permission", "pk": 5, "fields": {"name": "Can change permission", "content_type": 2, "codename": "change_permission"}}, {"model": "auth.permission", "pk": 6, "fields": {"name": "Can delete permission", "content_type": 2, "codename": "delete_permission"}}, {"model": "auth.permission", "pk": 7, "fields": {"name": "Can add group", "content_type": 3, "codename": "add_group"}}, {"model": "auth.permission", "pk": 8, "fields": {"name": "Can change group", "content_type": 3, "codename": "change_group"}}, {"model": "auth.permission", "pk": 9, "fields": {"name": "Can delete group", "content_type": 3, "codename": "delete_group"}}, {"model": "auth.permission", "pk": 10, "fields": {"name": "Can add user", "content_type": 4, "codename": "add_user"}}, {"model": "auth.permission", "pk": 11, "fields": {"name": "Can change user", "content_type": 4, "codename": "change_user"}}, {"model": "auth.permission", "pk": 12, "fields": {"name": "Can delete user", "content_type": 4, "codename": "delete_user"}}, {"model": "auth.permission", "pk": 13, "fields": {"name": "Can add content type", "content_type": 5, "codename": "add_contenttype"}}, {"model": "auth.permission", "pk": 14, "fields": {"name": "Can change content type", "content_type": 5, "codename": "change_contenttype"}}, {"model": "auth.permission", "pk": 15, "fields": {"name": "Can delete content type", "content_type": 5, "codename": "delete_contenttype"}}, {"model": "auth.permission", "pk": 16, "fields": {"name": "Can add session", "content_type": 6, "codename": "add_session"}}, {"model": "auth.permission", "pk": 17, "fields": {"name": "Can change session", "content_type": 6, "codename": "change_session"}}, {"model": "auth.permission", "pk": 18, "fields": {"name": "Can delete session", "content_type": 6, "codename": "delete_session"}}, {"model": "auth.permission", "pk": 19, "fields": {"name": "Can add user", "content_type": 7, "codename": "add_dentist"}}, {"model": "auth.permission", "pk": 20, "fields": {"name": "Can change user", "content_type": 7, "codename": "change_dentist"}}, {"model": "auth.permission", "pk": 21, "fields": {"name": "Can delete user", "content_type": 7, "codename": "delete_dentist"}}, {"model": "auth.permission", "pk": 22, "fields": {"name": "Can add course", "content_type": 8, "codename": "add_course"}}, {"model": "auth.permission", "pk": 23, "fields": {"name": "Can change course", "content_type": 8, "codename": "change_course"}}, {"model": "auth.permission", "pk": 24, "fields": {"name": "Can delete course", "content_type": 8, "codename": "delete_course"}}, {"model": "auth.permission", "pk": 25, "fields": {"name": "Can add tooth", "content_type": 9, "codename": "add_tooth"}}, {"model": "auth.permission", "pk": 26, "fields": {"name": "Can change tooth", "content_type": 9, "codename": "change_tooth"}}, {"model": "auth.permission", "pk": 27, "fields": {"name": "Can delete tooth", "content_type": 9, "codename": "delete_tooth"}}, {"model": "auth.permission", "pk": 28, "fields": {"name": "Can add tooth division", "content_type": 10, "codename": "add_toothdivision"}}, {"model": "auth.permission", "pk": 29, "fields": {"name": "Can change tooth division", "content_type": 10, "codename": "change_toothdivision"}}, {"model": "auth.permission", "pk": 30, "fields": {"name": "Can delete tooth division", "content_type": 10, "codename": "delete_toothdivision"}}, {"model": "auth.permission", "pk": 31, "fields": {"name": "Can add patient", "content_type": 11, "codename": "add_patient"}}, {"model": "auth.permission", "pk": 32, "fields": {"name": "Can change patient", "content_type": 11, "codename": "change_patient"}}, {"model": "auth.permission", "pk": 33, "fields": {"name": "Can delete patient", "content_type": 11, "codename": "delete_patient"}}, {"model": "auth.permission", "pk": 34, "fields": {"name": "Can add address", "content_type": 12, "codename": "add_address"}}, {"model": "auth.permission", "pk": 35, "fields": {"name": "Can change address", "content_type": 12, "codename": "change_address"}}, {"model": "auth.permission", "pk": 36, "fields": {"name": "Can delete address", "content_type": 12, "codename": "delete_address"}}, {"model": "auth.permission", "pk": 37, "fields": {"name": "Can add patient tooth", "content_type": 13, "codename": "add_patienttooth"}}, {"model": "auth.permission", "pk": 38, "fields": {"name": "Can change patient tooth", "content_type": 13, "codename": "change_patienttooth"}}, {"model": "auth.permission", "pk": 39, "fields": {"name": "Can delete patient tooth", "content_type": 13, "codename": "delete_patienttooth"}}, {"model": "auth.permission", "pk": 40, "fields": {"name": "Can add procedure dental", "content_type": 14, "codename": "add_proceduredental"}}, {"model": "auth.permission", "pk": 41, "fields": {"name": "Can change procedure dental", "content_type": 14, "codename": "change_proceduredental"}}, {"model": "auth.permission", "pk": 42, "fields": {"name": "Can delete procedure dental", "content_type": 14, "codename": "delete_proceduredental"}}, {"model": "auth.permission", "pk": 43, "fields": {"name": "Can add oral procedure", "content_type": 15, "codename": "add_oralprocedure"}}, {"model": "auth.permission", "pk": 44, "fields": {"name": "Can change oral procedure", "content_type": 15, "codename": "change_oralprocedure"}}, {"model": "auth.permission", "pk": 45, "fields": {"name": "Can delete oral procedure", "content_type": 15, "codename": "delete_oralprocedure"}}, {"model": "auth.permission", "pk": 46, "fields": {"name": "Can add patient dental procedure", "content_type": 16, "codename": "add_patientdentalprocedure"}}, {"model": "auth.permission", "pk": 47, "fields": {"name": "Can change patient dental procedure", "content_type": 16, "codename": "change_patientdentalprocedure"}}, {"model": "auth.permission", "pk": 48, "fields": {"name": "Can delete patient dental procedure", "content_type": 16, "codename": "delete_patientdentalprocedure"}}, {"model": "auth.permission", "pk": 49, "fields": {"name": "Can add oral patient procedure", "content_type": 17, "codename": "add_oralpatientprocedure"}}, {"model": "auth.permission", "pk": 50, "fields": {"name": "Can change oral patient procedure", "content_type": 17, "codename": "change_oralpatientprocedure"}}, {"model": "auth.permission", "pk": 51, "fields": {"name": "Can delete oral patient procedure", "content_type": 17, "codename": "delete_oralpatientprocedure"}}, {"model": "auth.user", "pk": 1, "fields": {"password": "pbkdf2_sha256$24000$JCDyIe1QIOEJ$/EacqI6I7pAz9R8L+9RB/KV+RzR7r9Ayicb6eCaxug4=", "last_login": "2016-02-19T11:47:30.006Z", "is_superuser": true, "username": "nonato", "first_name": "Nonato", "last_name": "Sales", "email": "nrdesales@hotmail.com", "is_staff": true, "is_active": true, "date_joined": "2016-02-12T21:33:37Z", "groups": [], "user_permissions": []}}, {"model": "auth.user", "pk": 2, "fields": {"password": "pbkdf2_sha256$24000$YPEffS6W5QXX$aQ/UbA1P8nn09WOV6aYU5ksCXXHVJTebxcCqI1j5U4Q=", "last_login": "2016-02-19T11:48:23.912Z", "is_superuser": false, "username": "anavirginha", "first_name": "Ana Virginha", "last_name": "Nogueiro", "email": "annaviriginha@gmail.com", "is_staff": false, "is_active": true, "date_joined": "2016-02-12T21:36:10.739Z", "groups": [], "user_permissions": []}}, {"model": "odontology.dentist", "pk": 2, "fields": {"created_on": "2016-02-12T21:36:10.775Z", "updated_on": "2016-02-18T17:47:59.102Z", "sex": "F", "marital_status": "CASADO", "birth_date": "1987-10-13", "cro": "1850PI", "phone": "(89)34225214", "groups": [], "user_permissions": []}}, {"model": "odontology.patientdentalprocedure", "pk": 5, "fields": {"created_on": "2016-02-12T21:42:54.889Z", "updated_on": "2016-02-12T21:42:54.889Z", "patient_tooth": 7, "tooth_division": 4, "procedure_dental": 1, "dentist": 2}}, {"model": "odontology.patientdentalprocedure", "pk": 9, "fields": {"created_on": "2016-02-15T17:55:47.091Z", "updated_on": "2016-02-15T19:10:20.414Z", "patient_tooth": 1, "tooth_division": 3, "procedure_dental": 1, "dentist": 2}}, {"model": "odontology.patientdentalprocedure", "pk": 10, "fields": {"created_on": "2016-02-15T17:56:53.907Z", "updated_on": "2016-02-15T17:56:53.907Z", "patient_tooth": 2, "tooth_division": 4, "procedure_dental": 2, "dentist": 2}}, {"model": "odontology.patientdentalprocedure", "pk": 11, "fields": {"created_on": "2016-02-15T18:21:08.729Z", "updated_on": "2016-02-15T18:21:08.730Z", "patient_tooth": 33, "tooth_division": 2, "procedure_dental": 2, "dentist": 2}}, {"model": "odontology.patientdentalprocedure", "pk": 12, "fields": {"created_on": "2016-02-15T18:22:31.701Z", "updated_on": "2016-02-15T18:22:31.701Z", "patient_tooth": 81, "tooth_division": 4, "procedure_dental": 3, "dentist": 2}}, {"model": "odontology.patientdentalprocedure", "pk": 13, "fields": {"created_on": "2016-02-15T18:27:21.315Z", "updated_on": "2016-02-16T19:35:27.126Z", "patient_tooth": 73, "tooth_division": 2, "procedure_dental": 2, "dentist": 2}}, {"model": "odontology.patientdentalprocedure", "pk": 14, "fields": {"created_on": "2016-02-15T18:30:07.251Z", "updated_on": "2016-02-15T18:30:07.251Z", "patient_tooth": 46, "tooth_division": 4, "procedure_dental": 1, "dentist": 2}}, {"model": "odontology.patientdentalprocedure", "pk": 15, "fields": {"created_on": "2016-02-15T18:30:27.219Z", "updated_on": "2016-02-15T18:30:27.219Z", "patient_tooth": 144, "tooth_division": 3, "procedure_dental": 3, "dentist": 2}}, {"model": "odontology.patientdentalprocedure", "pk": 16, "fields": {"created_on": "2016-02-15T18:30:40.628Z", "updated_on": "2016-02-15T18:30:40.628Z", "patient_tooth": 125, "tooth_division": 5, "procedure_dental": 1, "dentist": 2}}, {"model": "odontology.patientdentalprocedure", "pk": 17, "fields": {"created_on": "2016-02-15T19:10:33.720Z", "updated_on": "2016-02-15T20:58:57.225Z", "patient_tooth": 31, "tooth_division": 5, "procedure_dental": 1, "dentist": 2}}, {"model": "odontology.patientdentalprocedure", "pk": 18, "fields": {"created_on": "2016-02-15T19:11:11.264Z", "updated_on": "2016-02-15T19:11:11.264Z", "patient_tooth": 37, "tooth_division": 3, "procedure_dental": 3, "dentist": 2}}, {"model": "odontology.patientdentalprocedure", "pk": 19, "fields": {"created_on": "2016-02-15T19:14:51.120Z", "updated_on": "2016-02-15T19:14:51.120Z", "patient_tooth": 52, "tooth_division": 6, "procedure_dental": 4, "dentist": 2}}, {"model": "odontology.patientdentalprocedure", "pk": 20, "fields": {"created_on": "2016-02-15T20:01:11.527Z", "updated_on": "2016-02-15T20:01:20.607Z", "patient_tooth": 58, "tooth_division": 2, "procedure_dental": 2, "dentist": 2}}, {"model": "odontology.patientdentalprocedure", "pk": 21, "fields": {"created_on": "2016-02-15T20:03:39.760Z", "updated_on": "2016-02-15T20:03:39.760Z", "patient_tooth": 10, "tooth_division": 4, "procedure_dental": 1, "dentist": 2}}, {"model": "odontology.patientdentalprocedure", "pk": 22, "fields": {"created_on": "2016-02-15T20:10:34.119Z", "updated_on": "2016-02-15T20:10:34.119Z", "patient_tooth": 104, "tooth_division": 4, "procedure_dental": 1, "dentist": 2}}, {"model": "odontology.patientdentalprocedure", "pk": 24, "fields": {"created_on": "2016-02-15T20:55:07.505Z", "updated_on": "2016-02-15T20:55:07.505Z", "patient_tooth": 42, "tooth_division": 5, "procedure_dental": 2, "dentist": 2}}, {"model": "odontology.patientdentalprocedure", "pk": 25, "fields": {"created_on": "2016-02-16T17:22:54.307Z", "updated_on": "2016-02-16T17:22:54.307Z", "patient_tooth": 223, "tooth_division": 5, "procedure_dental": 1, "dentist": 2}}, {"model": "odontology.patientdentalprocedure", "pk": 26, "fields": {"created_on": "2016-02-17T18:40:55.840Z", "updated_on": "2016-02-17T18:40:55.840Z", "patient_tooth": 237, "tooth_division": 5, "procedure_dental": 1, "dentist": 2}}, {"model": "odontology.patientdentalprocedure", "pk": 27, "fields": {"created_on": "2016-02-17T18:41:23.941Z", "updated_on": "2016-02-17T18:41:23.941Z", "patient_tooth": 253, "tooth_division": 5, "procedure_dental": 1, "dentist": 2}}, {"model": "odontology.patientdentalprocedure", "pk": 28, "fields": {"created_on": "2016-02-17T18:42:38.842Z", "updated_on": "2016-02-17T18:42:38.842Z", "patient_tooth": 279, "tooth_division": 3, "procedure_dental": 1, "dentist": 2}}, {"model": "odontology.patientdentalprocedure", "pk": 29, "fields": {"created_on": "2016-02-17T18:42:44.766Z", "updated_on": "2016-02-17T18:42:44.766Z", "patient_tooth": 283, "tooth_division": 2, "procedure_dental": 2, "dentist": 2}}, {"model": "odontology.patientdentalprocedure", "pk": 30, "fields": {"created_on": "2016-02-17T18:42:53.027Z", "updated_on": "2016-02-17T18:42:53.027Z", "patient_tooth": 268, "tooth_division": 3, "procedure_dental": 1, "dentist": 2}}, {"model": "odontology.patientdentalprocedure", "pk": 31, "fields": {"created_on": "2016-02-17T18:48:34.661Z", "updated_on": "2016-02-17T18:48:34.661Z", "patient_tooth": 110, "tooth_division": 6, "procedure_dental": 4, "dentist": 2}}, {"model": "odontology.patientdentalprocedure", "pk": 32, "fields": {"created_on": "2016-02-17T19:09:27.245Z", "updated_on": "2016-02-17T19:09:27.245Z", "patient_tooth": 10, "tooth_division": 5, "procedure_dental": 2, "dentist": 2}}, {"model": "odontology.patientdentalprocedure", "pk": 33, "fields": {"created_on": "2016-02-17T19:14:55.492Z", "updated_on": "2016-02-17T19:16:28.771Z", "patient_tooth": 319, "tooth_division": 5, "procedure_dental": 1, "dentist": 2}}, {"model": "odontology.patientdentalprocedure", "pk": 34, "fields": {"created_on": "2016-02-17T19:15:05.594Z", "updated_on": "2016-02-17T19:15:44.848Z", "patient_tooth": 306, "tooth_division": 5, "procedure_dental": 1, "dentist": 2}}, {"model": "odontology.patientdentalprocedure", "pk": 35, "fields": {"created_on": "2016-02-17T19:16:40.703Z", "updated_on": "2016-02-17T19:16:40.703Z", "patient_tooth": 304, "tooth_division": 5, "procedure_dental": 3, "dentist": 2}}, {"model": "odontology.patientdentalprocedure", "pk": 36, "fields": {"created_on": "2016-02-18T19:15:07.839Z", "updated_on": "2016-02-18T19:25:20.420Z", "patient_tooth": 338, "tooth_division": 2, "procedure_dental": 1, "dentist": 2}}, {"model": "odontology.patientdentalprocedure", "pk": 37, "fields": {"created_on": "2016-02-18T19:15:23.997Z", "updated_on": "2016-02-18T19:15:23.997Z", "patient_tooth": 348, "tooth_division": 2, "procedure_dental": 2, "dentist": 2}}, {"model": "odontology.patientdentalprocedure", "pk": 38, "fields": {"created_on": "2016-02-18T19:15:36.197Z", "updated_on": "2016-02-19T14:55:51.012Z", "patient_tooth": 330, "tooth_division": 2, "procedure_dental": 3, "dentist": 2}}, {"model": "odontology.patientdentalprocedure", "pk": 39, "fields": {"created_on": "2016-02-18T19:16:55.858Z", "updated_on": "2016-02-19T14:55:40.174Z", "patient_tooth": 326, "tooth_division": 5, "procedure_dental": 2, "dentist": 2}}, {"model": "odontology.patientdentalprocedure", "pk": 40, "fields": {"created_on": "2016-02-18T20:53:37.283Z", "updated_on": "2016-02-18T20:53:37.283Z", "patient_tooth": 379, "tooth_division": 5, "procedure_dental": 2, "dentist": 2}}, {"model": "odontology.patientdentalprocedure", "pk": 41, "fields": {"created_on": "2016-02-19T11:49:55.583Z", "updated_on": "2016-02-19T11:49:55.583Z", "patient_tooth": 261, "tooth_division": 3, "procedure_dental": 2, "dentist": 2}}, {"model": "odontology.oralpatientprocedure", "pk": 1, "fields": {"created_on": "2016-02-15T20:41:50.766Z", "updated_on": "2016-02-15T20:41:50.766Z", "patient": 1, "oral_procedure": 1, "dentist": 2}}, {"model": "odontology.oralpatientprocedure", "pk": 2, "fields": {"created_on": "2016-02-15T20:41:59.806Z", "updated_on": "2016-02-15T20:41:59.806Z", "patient": 3, "oral_procedure": 3, "dentist": 2}}, {"model": "odontology.oralpatientprocedure", "pk": 3, "fields": {"created_on": "2016-02-15T21:00:02.368Z", "updated_on": "2016-02-15T21:00:11.554Z", "patient": 1, "oral_procedure": 2, "dentist": 2}}, {"model": "odontology.oralpatientprocedure", "pk": 4, "fields": {"created_on": "2016-02-18T22:00:57.884Z", "updated_on": "2016-02-19T14:53:48.597Z", "patient": 7, "oral_procedure": 3, "dentist": 2}}, {"model": "odontology.oralpatientprocedure", "pk": 7, "fields": {"created_on": "2016-02-18T22:44:14.508Z", "updated_on": "2016-02-18T22:44:14.509Z", "patient": 8, "oral_procedure": 3, "dentist": 2}}, {"model": "odontology.oralpatientprocedure", "pk": 8, "fields": {"created_on": "2016-02-18T22:48:09.712Z", "updated_on": "2016-02-18T22:48:09.712Z", "patient": 8, "oral_procedure": 1, "dentist": 2}}, {"model": "odontology.oralpatientprocedure", "pk": 9, "fields": {"created_on": "2016-02-18T22:55:07.972Z", "updated_on": "2016-02-18T22:55:07.972Z", "patient": 9, "oral_procedure": 1, "dentist": 2}}, {"model": "odontology.oralpatientprocedure", "pk": 11, "fields": {"created_on": "2016-02-19T13:20:19.985Z", "updated_on": "2016-02-19T13:20:19.985Z", "patient": 10, "oral_procedure": 3, "dentist": 2}}, {"model": "odontology.oralpatientprocedure", "pk": 12, "fields": {"created_on": "2016-02-19T13:20:25.230Z", "updated_on": "2016-02-19T13:20:25.230Z", "patient": 10, "oral_procedure": 5, "dentist": 2}}, {"model": "odontology.oralpatientprocedure", "pk": 17, "fields": {"created_on": "2016-02-19T14:29:31.773Z", "updated_on": "2016-02-19T14:29:31.773Z", "patient": 8, "oral_procedure": 4, "dentist": 2}}, {"model": "odontology.oralpatientprocedure", "pk": 18, "fields": {"created_on": "2016-02-19T14:31:36.095Z", "updated_on": "2016-02-19T14:31:36.095Z", "patient": 2, "oral_procedure": 5, "dentist": 2}}, {"model": "odontology.oralpatientprocedure", "pk": 19, "fields": {"created_on": "2016-02-19T14:54:01.079Z", "updated_on": "2016-02-19T14:54:07.260Z", "patient": 7, "oral_procedure": 5, "dentist": 2}}, {"model": "admin.logentry", "pk": 1, "fields": {"action_time": "2016-02-12T21:40:36.057Z", "user": 1, "content_type": 4, "object_id": "1", "object_repr": "nonato", "action_flag": 2, "change_message": "Modificado first_name e last_name."}}]