[{"model": "contenttypes.contenttype", "pk": 1, "fields": {"app_label": "admin", "model": "logentry"}}, {"model": "contenttypes.contenttype", "pk": 2, "fields": {"app_label": "auth", "model": "permission"}}, {"model": "contenttypes.contenttype", "pk": 3, "fields": {"app_label": "auth", "model": "group"}}, {"model": "contenttypes.contenttype", "pk": 4, "fields": {"app_label": "auth", "model": "user"}}, {"model": "contenttypes.contenttype", "pk": 5, "fields": {"app_label": "contenttypes", "model": "contenttype"}}, {"model": "contenttypes.contenttype", "pk": 6, "fields": {"app_label": "sessions", "model": "session"}}, {"model": "contenttypes.contenttype", "pk": 7, "fields": {"app_label": "odontology", "model": "dentist"}}, {"model": "contenttypes.contenttype", "pk": 8, "fields": {"app_label": "odontology", "model": "course"}}, {"model": "contenttypes.contenttype", "pk": 9, "fields": {"app_label": "odontology", "model": "tooth"}}, {"model": "contenttypes.contenttype", "pk": 10, "fields": {"app_label": "odontology", "model": "toothdivision"}}, {"model": "contenttypes.contenttype", "pk": 11, "fields": {"app_label": "odontology", "model": "patient"}}, {"model": "contenttypes.contenttype", "pk": 12, "fields": {"app_label": "odontology", "model": "address"}}, {"model": "contenttypes.contenttype", "pk": 13, "fields": {"app_label": "odontology", "model": "patienttooth"}}, {"model": "contenttypes.contenttype", "pk": 14, "fields": {"app_label": "odontology", "model": "proceduredental"}}, {"model": "contenttypes.contenttype", "pk": 15, "fields": {"app_label": "odontology", "model": "oralprocedure"}}, {"model": "contenttypes.contenttype", "pk": 16, "fields": {"app_label": "odontology", "model": "consultation"}}, {"model": "contenttypes.contenttype", "pk": 17, "fields": {"app_label": "odontology", "model": "patientdentalprocedure"}}, {"model": "contenttypes.contenttype", "pk": 18, "fields": {"app_label": "odontology", "model": "oralpatientprocedure"}}, {"model": "contenttypes.contenttype", "pk": 19, "fields": {"app_label": "odontology", "model": "exams"}}, {"model": "contenttypes.contenttype", "pk": 20, "fields": {"app_label": "odontology", "model": "examinationsolicitation"}}, {"model": "sessions.session", "pk": "0mnsda266l1t5bq1fsx7a31dikestbfk", "fields": {"session_data": "YTc3MDljZDNjNWI4YzcyMDdlYjg0YTRkZWRhNDNiZTM1YTBlNjdjYTp7Il9hdXRoX3VzZXJfaGFzaCI6IjZmNGRkYTY1MGI5MmY3ZDVlYzU5MGNjMmNlOGRhNmFmZTUyM2JlNTciLCJfYXV0aF91c2VyX2lkIjoiMiIsIl9hdXRoX3VzZXJfYmFja2VuZCI6ImRqYW5nby5jb250cmliLmF1dGguYmFja2VuZHMuTW9kZWxCYWNrZW5kIn0=", "expire_date": "2016-02-19T19:20:44.048Z"}}, {"model": "sessions.session", "pk": "fov7umljpmz918zoo7bqt1lzczhwhiii", "fields": {"session_data": "MDc3OTMxZTNhZjBjZThkNzM4NzAyZmNjNDI1ZGU4OWM5ODgxZDE0ZDp7Il9hdXRoX3VzZXJfaWQiOiIxIiwiX2F1dGhfdXNlcl9oYXNoIjoiZTIwZWYxNzIxOTBiYzQxNDVkOTYxOTQwNDkzNzY5NGIzM2FhZGNlNyIsIl9hdXRoX3VzZXJfYmFja2VuZCI6ImRqYW5nby5jb250cmliLmF1dGguYmFja2VuZHMuTW9kZWxCYWNrZW5kIn0=", "expire_date": "2016-02-19T20:44:15.954Z"}}, {"model": "sessions.session", "pk": "mp9a52ed5esw68cj095w3p27q59dfdtr", "fields": {"session_data": "ZWY2NmUwYzEyY2UwYmEzMjk1MTQ3YmEwNTg2N2E2NGVlZTdjODUzMzp7Il9hdXRoX3VzZXJfYmFja2VuZCI6ImRqYW5nby5jb250cmliLmF1dGguYmFja2VuZHMuTW9kZWxCYWNrZW5kIiwiX2F1dGhfdXNlcl9oYXNoIjoiNmY0ZGRhNjUwYjkyZjdkNWVjNTkwY2MyY2U4ZGE2YWZlNTIzYmU1NyIsIl9hdXRoX3VzZXJfaWQiOiIyIn0=", "expire_date": "2016-04-06T12:30:44.500Z"}}, {"model": "odontology.course", "pk": 1, "fields": {"created_on": "2016-01-13T23:10:38.031Z", "updated_on": "2016-01-13T23:10:38.031Z", "name": "Sistema de informa\u00e7\u00e3o", "description": "Bacharelado em Sistema de Informa\u00e7\u00e3o"}}, {"model": "odontology.course", "pk": 2, "fields": {"created_on": "2016-01-26T21:39:15.722Z", "updated_on": "2016-01-26T21:39:15.722Z", "name": "Enfermagem", "description": "Bacharelado em Enfermagem"}}, {"model": "odontology.course", "pk": 3, "fields": {"created_on": "2016-01-26T21:39:47.456Z", "updated_on": "2016-01-26T21:39:47.456Z", "name": "Nutri\u00e7\u00e3o", "description": "Bacharelado em Nutri\u00e7\u00e3o"}}, {"model": "odontology.course", "pk": 4, "fields": {"created_on": "2016-01-26T21:40:50.045Z", "updated_on": "2016-01-26T21:40:50.045Z", "name": "Matem\u00e1tica", "description": "Licenciatura em Matem\u00e1tica"}}, {"model": "odontology.course", "pk": 5, "fields": {"created_on": "2016-01-26T21:41:20.581Z", "updated_on": "2016-01-26T21:41:20.581Z", "name": "Hist\u00f3ria", "description": "Licenciatura em Hist\u00f3ria"}}, {"model": "odontology.course", "pk": 6, "fields": {"created_on": "2016-01-26T21:41:42.342Z", "updated_on": "2016-01-26T21:41:42.342Z", "name": "Biologia", "description": "Bacharelado em Biologia"}}, {"model": "odontology.course", "pk": 7, "fields": {"created_on": "2016-01-26T21:42:03.160Z", "updated_on": "2016-01-26T21:42:28.413Z", "name": "Administra\u00e7\u00e3o", "description": "Bacharelado em Administra\u00e7\u00e3o"}}, {"model": "odontology.course", "pk": 8, "fields": {"created_on": "2016-01-26T21:42:03.160Z", "updated_on": "2016-01-26T21:42:28.413Z", "name": "Medicina", "description": "Bacharelado em Medicina"}}, {"model": "odontology.course", "pk": 9, "fields": {"created_on": "2016-03-23T12:26:56.986Z", "updated_on": "2016-03-23T12:28:15.219Z", "name": "Pedagogia", "description": "Licenciatura em Pedagogia"}}, {"model": "odontology.course", "pk": 10, "fields": {"created_on": "2016-03-23T12:28:41.588Z", "updated_on": "2016-03-23T12:28:41.588Z", "name": "Letras", "description": "Licenciatura em Letras Portugu\u00eas"}}, {"model": "odontology.tooth", "pk": 1, "fields": {"created_on": "2016-01-29T21:03:34.746Z", "updated_on": "2016-01-29T21:03:34.747Z", "name": "18", "description": "Terceiro Molar Superior Direito"}}, {"model": "odontology.tooth", "pk": 2, "fields": {"created_on": "2016-01-29T21:03:14.255Z", "updated_on": "2016-01-29T21:03:14.256Z", "name": "17", "description": "Segundo Molar Superior Direito"}}, {"model": "odontology.tooth", "pk": 3, "fields": {"created_on": "2016-01-29T21:03:04.261Z", "updated_on": "2016-01-29T21:03:04.261Z", "name": "16", "description": "Primeiro Molar Superior Direito"}}, {"model": "odontology.tooth", "pk": 4, "fields": {"created_on": "2016-01-29T21:02:52.641Z", "updated_on": "2016-01-29T21:02:52.641Z", "name": "15", "description": "Segundo Premolar Superior Direito"}}, {"model": "odontology.tooth", "pk": 5, "fields": {"created_on": "2016-01-29T21:02:41.941Z", "updated_on": "2016-01-29T21:02:41.941Z", "name": "14", "description": "Primeiro Premolar Superior Direito"}}, {"model": "odontology.tooth", "pk": 6, "fields": {"created_on": "2016-01-29T21:02:30.325Z", "updated_on": "2016-01-29T21:02:30.325Z", "name": "13", "description": "Canino Superior Direito"}}, {"model": "odontology.tooth", "pk": 7, "fields": {"created_on": "2016-01-29T21:02:18.637Z", "updated_on": "2016-01-29T21:02:18.637Z", "name": "12", "description": "Incisivo Lateral Superior Direito"}}, {"model": "odontology.tooth", "pk": 8, "fields": {"created_on": "2016-01-29T21:02:00.440Z", "updated_on": "2016-01-29T21:02:00.440Z", "name": "11", "description": "Incisivo Central Superior Direito"}}, {"model": "odontology.tooth", "pk": 9, "fields": {"created_on": "2016-01-29T21:03:48.375Z", "updated_on": "2016-01-29T21:03:48.375Z", "name": "21", "description": "Incisivo Central Superior Esquerdo"}}, {"model": "odontology.tooth", "pk": 10, "fields": {"created_on": "2016-01-29T21:03:59.596Z", "updated_on": "2016-01-29T21:03:59.596Z", "name": "22", "description": "Incisivo Lateral Superior Esquerdo"}}, {"model": "odontology.tooth", "pk": 11, "fields": {"created_on": "2016-01-29T21:04:13.641Z", "updated_on": "2016-01-29T21:04:13.641Z", "name": "23", "description": "Canino Superior Esquerdo"}}, {"model": "odontology.tooth", "pk": 12, "fields": {"created_on": "2016-01-29T21:04:26.182Z", "updated_on": "2016-01-29T21:04:26.182Z", "name": "24", "description": "Primeiro Premolar Superior Esquerdo"}}, {"model": "odontology.tooth", "pk": 13, "fields": {"created_on": "2016-01-29T21:04:37.745Z", "updated_on": "2016-01-29T21:04:37.745Z", "name": "25", "description": "Segundo Premolar Superior Esquerdo"}}, {"model": "odontology.tooth", "pk": 14, "fields": {"created_on": "2016-01-29T21:04:51.702Z", "updated_on": "2016-01-29T21:04:51.703Z", "name": "26", "description": "Primeiro Molar Superior Esquerdo"}}, {"model": "odontology.tooth", "pk": 15, "fields": {"created_on": "2016-01-29T21:05:04.192Z", "updated_on": "2016-01-29T21:05:04.193Z", "name": "27", "description": "Segundo Molar Superior Esquerdo"}}, {"model": "odontology.tooth", "pk": 16, "fields": {"created_on": "2016-01-29T21:05:14.319Z", "updated_on": "2016-01-29T21:05:14.319Z", "name": "28", "description": "Terceiro Molar Superior Esquerdo"}}, {"model": "odontology.tooth", "pk": 17, "fields": {"created_on": "2016-01-29T21:07:34.281Z", "updated_on": "2016-01-29T21:07:34.281Z", "name": "48", "description": "Terceiro Molar Inferior Direito"}}, {"model": "odontology.tooth", "pk": 18, "fields": {"created_on": "2016-01-29T21:08:02.101Z", "updated_on": "2016-01-29T21:08:02.101Z", "name": "47", "description": "Segundo Molar Inferior Direito"}}, {"model": "odontology.tooth", "pk": 19, "fields": {"created_on": "2016-01-29T21:08:13.192Z", "updated_on": "2016-01-29T21:08:13.192Z", "name": "46", "description": "Primeiro Molar Inferior Direito"}}, {"model": "odontology.tooth", "pk": 20, "fields": {"created_on": "2016-01-29T21:08:31.999Z", "updated_on": "2016-01-29T21:08:31.999Z", "name": "45", "description": "Segundo Premolar Inferior Direito"}}, {"model": "odontology.tooth", "pk": 21, "fields": {"created_on": "2016-01-29T21:08:46.281Z", "updated_on": "2016-01-29T21:08:46.281Z", "name": "44", "description": "Primeiro Premolar Inferior Direito"}}, {"model": "odontology.tooth", "pk": 22, "fields": {"created_on": "2016-01-29T21:08:58.282Z", "updated_on": "2016-01-29T21:08:58.282Z", "name": "43", "description": "Canino Inferior Direito"}}, {"model": "odontology.tooth", "pk": 23, "fields": {"created_on": "2016-01-29T21:09:10.697Z", "updated_on": "2016-01-29T21:09:10.697Z", "name": "42", "description": "Incisivo Lateral Inferior Direito"}}, {"model": "odontology.tooth", "pk": 24, "fields": {"created_on": "2016-01-29T21:09:27.157Z", "updated_on": "2016-01-29T21:09:27.157Z", "name": "41", "description": "Incisivo Central Inferior Direito"}}, {"model": "odontology.tooth", "pk": 25, "fields": {"created_on": "2016-01-29T21:07:25.010Z", "updated_on": "2016-01-29T21:07:25.010Z", "name": "31", "description": "Incisivo Central Inferior Esquerdo"}}, {"model": "odontology.tooth", "pk": 26, "fields": {"created_on": "2016-01-29T21:07:16.186Z", "updated_on": "2016-01-29T21:07:16.186Z", "name": "32", "description": "Incisivo Lateral Inferior Esquerdo"}}, {"model": "odontology.tooth", "pk": 27, "fields": {"created_on": "2016-01-29T21:07:07.132Z", "updated_on": "2016-01-29T21:07:07.132Z", "name": "33", "description": "Canino Inferior Esquerdo"}}, {"model": "odontology.tooth", "pk": 28, "fields": {"created_on": "2016-01-29T21:06:40.920Z", "updated_on": "2016-01-29T21:06:40.920Z", "name": "34", "description": "Primeiro Premolar Inferior Esquerdo"}}, {"model": "odontology.tooth", "pk": 29, "fields": {"created_on": "2016-01-29T21:06:21.881Z", "updated_on": "2016-01-29T21:06:21.881Z", "name": "35", "description": "Segundo Premolar Inferior Esquerdo"}}, {"model": "odontology.tooth", "pk": 30, "fields": {"created_on": "2016-01-29T21:06:12.491Z", "updated_on": "2016-01-29T21:06:12.491Z", "name": "36", "description": "Primeiro Molar Inferior Esquerdo"}}, {"model": "odontology.tooth", "pk": 31, "fields": {"created_on": "2016-01-29T21:06:01.094Z", "updated_on": "2016-01-29T21:06:01.094Z", "name": "37", "description": "Segundo  Molar Inferior Esquerdo"}}, {"model": "odontology.tooth", "pk": 32, "fields": {"created_on": "2016-01-29T21:05:25.328Z", "updated_on": "2016-01-29T21:05:25.328Z", "name": "38", "description": "Terceiro Molar Inferior Esquerdo"}}, {"model": "odontology.toothdivision", "pk": 1, "fields": {"created_on": "2016-01-28T21:30:42.655Z", "updated_on": "2016-01-28T21:30:42.655Z", "name": "FP/FL", "description": "Face Palatal/Face Lingual"}}, {"model": "odontology.toothdivision", "pk": 2, "fields": {"created_on": "2016-01-28T21:30:58.536Z", "updated_on": "2016-01-28T21:30:58.536Z", "name": "FV", "description": "Face Vestibular"}}, {"model": "odontology.toothdivision", "pk": 3, "fields": {"created_on": "2016-01-28T21:31:13.079Z", "updated_on": "2016-01-28T21:31:13.079Z", "name": "FM", "description": "Face Mesial"}}, {"model": "odontology.toothdivision", "pk": 4, "fields": {"created_on": "2016-01-28T21:31:27.322Z", "updated_on": "2016-01-28T21:31:27.322Z", "name": "FD", "description": "Face Distal"}}, {"model": "odontology.toothdivision", "pk": 5, "fields": {"created_on": "2016-01-28T21:31:39.784Z", "updated_on": "2016-01-28T21:31:39.785Z", "name": "FO", "description": "Face Oclusal"}}, {"model": "odontology.toothdivision", "pk": 6, "fields": {"created_on": "2016-01-28T21:31:39.784Z", "updated_on": "2016-02-05T16:52:40.198Z", "name": "DC", "description": "Dente Completo"}}, {"model": "odontology.patient", "pk": 25, "fields": {"created_on": "2016-03-28T12:33:46.903Z", "updated_on": "2016-03-28T12:33:46.903Z", "name": "Nonato Rodrigues", "sex": "M", "marital_status": "CASADO", "birth_date": "1985-06-02", "father": "Raimundo Nonato Rodrigues", "mother": "Antonia Maria de Sales Rodrigues", "phone": "(89) 9 9930-5127", "course": null, "types": "T\u00e9cnico Administrativo", "email": "nrdesales@hotmail.com", "dependents": []}}, {"model": "odontology.address", "pk": 18, "fields": {"created_on": "2016-03-28T12:33:47.239Z", "updated_on": "2016-03-28T12:33:47.239Z", "city": "Picos", "state": "PI", "street": "Av. Eliseu Pereira Bezerra", "number": "451", "complement": "", "zip_code": "64600-430", "reference_point": "", "neighborhood": "Passagem das Pedras", "country": "Brasil", "content_type": 11, "object_id": 25}}, {"model": "odontology.patienttooth", "pk": 737, "fields": {"created_on": "2016-03-28T12:33:46.966Z", "updated_on": "2016-03-28T12:33:46.966Z", "tooth": 1, "patient": 25}}, {"model": "odontology.patienttooth", "pk": 738, "fields": {"created_on": "2016-03-28T12:33:46.978Z", "updated_on": "2016-03-28T12:33:46.978Z", "tooth": 2, "patient": 25}}, {"model": "odontology.patienttooth", "pk": 739, "fields": {"created_on": "2016-03-28T12:33:46.987Z", "updated_on": "2016-03-28T12:33:46.987Z", "tooth": 3, "patient": 25}}, {"model": "odontology.patienttooth", "pk": 740, "fields": {"created_on": "2016-03-28T12:33:46.995Z", "updated_on": "2016-03-28T12:33:46.995Z", "tooth": 4, "patient": 25}}, {"model": "odontology.patienttooth", "pk": 741, "fields": {"created_on": "2016-03-28T12:33:47.003Z", "updated_on": "2016-03-28T12:33:47.003Z", "tooth": 5, "patient": 25}}, {"model": "odontology.patienttooth", "pk": 742, "fields": {"created_on": "2016-03-28T12:33:47.011Z", "updated_on": "2016-03-28T12:33:47.011Z", "tooth": 6, "patient": 25}}, {"model": "odontology.patienttooth", "pk": 743, "fields": {"created_on": "2016-03-28T12:33:47.020Z", "updated_on": "2016-03-28T12:33:47.020Z", "tooth": 7, "patient": 25}}, {"model": "odontology.patienttooth", "pk": 744, "fields": {"created_on": "2016-03-28T12:33:47.028Z", "updated_on": "2016-03-28T12:33:47.028Z", "tooth": 8, "patient": 25}}, {"model": "odontology.patienttooth", "pk": 745, "fields": {"created_on": "2016-03-28T12:33:47.036Z", "updated_on": "2016-03-28T12:33:47.036Z", "tooth": 9, "patient": 25}}, {"model": "odontology.patienttooth", "pk": 746, "fields": {"created_on": "2016-03-28T12:33:47.045Z", "updated_on": "2016-03-28T12:33:47.045Z", "tooth": 10, "patient": 25}}, {"model": "odontology.patienttooth", "pk": 747, "fields": {"created_on": "2016-03-28T12:33:47.053Z", "updated_on": "2016-03-28T12:33:47.053Z", "tooth": 11, "patient": 25}}, {"model": "odontology.patienttooth", "pk": 748, "fields": {"created_on": "2016-03-28T12:33:47.061Z", "updated_on": "2016-03-28T12:33:47.061Z", "tooth": 12, "patient": 25}}, {"model": "odontology.patienttooth", "pk": 749, "fields": {"created_on": "2016-03-28T12:33:47.070Z", "updated_on": "2016-03-28T12:33:47.070Z", "tooth": 13, "patient": 25}}, {"model": "odontology.patienttooth", "pk": 750, "fields": {"created_on": "2016-03-28T12:33:47.078Z", "updated_on": "2016-03-28T12:33:47.078Z", "tooth": 14, "patient": 25}}, {"model": "odontology.patienttooth", "pk": 751, "fields": {"created_on": "2016-03-28T12:33:47.086Z", "updated_on": "2016-03-28T12:33:47.086Z", "tooth": 15, "patient": 25}}, {"model": "odontology.patienttooth", "pk": 752, "fields": {"created_on": "2016-03-28T12:33:47.095Z", "updated_on": "2016-03-28T12:33:47.095Z", "tooth": 16, "patient": 25}}, {"model": "odontology.patienttooth", "pk": 753, "fields": {"created_on": "2016-03-28T12:33:47.103Z", "updated_on": "2016-03-28T12:33:47.103Z", "tooth": 17, "patient": 25}}, {"model": "odontology.patienttooth", "pk": 754, "fields": {"created_on": "2016-03-28T12:33:47.111Z", "updated_on": "2016-03-28T12:33:47.111Z", "tooth": 18, "patient": 25}}, {"model": "odontology.patienttooth", "pk": 755, "fields": {"created_on": "2016-03-28T12:33:47.120Z", "updated_on": "2016-03-28T12:33:47.120Z", "tooth": 19, "patient": 25}}, {"model": "odontology.patienttooth", "pk": 756, "fields": {"created_on": "2016-03-28T12:33:47.128Z", "updated_on": "2016-03-28T12:33:47.128Z", "tooth": 20, "patient": 25}}, {"model": "odontology.patienttooth", "pk": 757, "fields": {"created_on": "2016-03-28T12:33:47.136Z", "updated_on": "2016-03-28T12:33:47.136Z", "tooth": 21, "patient": 25}}, {"model": "odontology.patienttooth", "pk": 758, "fields": {"created_on": "2016-03-28T12:33:47.145Z", "updated_on": "2016-03-28T12:33:47.145Z", "tooth": 22, "patient": 25}}, {"model": "odontology.patienttooth", "pk": 759, "fields": {"created_on": "2016-03-28T12:33:47.153Z", "updated_on": "2016-03-28T12:33:47.153Z", "tooth": 23, "patient": 25}}, {"model": "odontology.patienttooth", "pk": 760, "fields": {"created_on": "2016-03-28T12:33:47.161Z", "updated_on": "2016-03-28T12:33:47.161Z", "tooth": 24, "patient": 25}}, {"model": "odontology.patienttooth", "pk": 761, "fields": {"created_on": "2016-03-28T12:33:47.170Z", "updated_on": "2016-03-28T12:33:47.170Z", "tooth": 25, "patient": 25}}, {"model": "odontology.patienttooth", "pk": 762, "fields": {"created_on": "2016-03-28T12:33:47.178Z", "updated_on": "2016-03-28T12:33:47.178Z", "tooth": 26, "patient": 25}}, {"model": "odontology.patienttooth", "pk": 763, "fields": {"created_on": "2016-03-28T12:33:47.186Z", "updated_on": "2016-03-28T12:33:47.187Z", "tooth": 27, "patient": 25}}, {"model": "odontology.patienttooth", "pk": 764, "fields": {"created_on": "2016-03-28T12:33:47.195Z", "updated_on": "2016-03-28T12:33:47.195Z", "tooth": 28, "patient": 25}}, {"model": "odontology.patienttooth", "pk": 765, "fields": {"created_on": "2016-03-28T12:33:47.203Z", "updated_on": "2016-03-28T12:33:47.203Z", "tooth": 29, "patient": 25}}, {"model": "odontology.patienttooth", "pk": 766, "fields": {"created_on": "2016-03-28T12:33:47.211Z", "updated_on": "2016-03-28T12:33:47.212Z", "tooth": 30, "patient": 25}}, {"model": "odontology.patienttooth", "pk": 767, "fields": {"created_on": "2016-03-28T12:33:47.220Z", "updated_on": "2016-03-28T12:33:47.220Z", "tooth": 31, "patient": 25}}, {"model": "odontology.patienttooth", "pk": 768, "fields": {"created_on": "2016-03-28T12:33:47.228Z", "updated_on": "2016-03-28T12:33:47.228Z", "tooth": 32, "patient": 25}}, {"model": "odontology.proceduredental", "pk": 1, "fields": {"created_on": "2016-01-28T20:52:58.717Z", "updated_on": "2016-01-28T20:52:58.717Z", "name": "Restaura\u00e7\u00e3o Resina", "description": "Restaura\u00e7\u00e3o Resina"}}, {"model": "odontology.proceduredental", "pk": 2, "fields": {"created_on": "2016-01-28T20:52:58.717Z", "updated_on": "2016-01-28T20:52:58.717Z", "name": "Restaura\u00e7\u00e3o Amalgama", "description": "Restaura\u00e7\u00e3o Amalgama"}}, {"model": "odontology.proceduredental", "pk": 3, "fields": {"created_on": "2016-01-28T20:52:58.717Z", "updated_on": "2016-01-28T20:52:58.717Z", "name": "Restaura\u00e7\u00e3o Ion\u00f4mero", "description": "Restaura\u00e7\u00e3o Ion\u00f4mero"}}, {"model": "odontology.proceduredental", "pk": 4, "fields": {"created_on": "2016-01-28T20:52:58.717Z", "updated_on": "2016-01-28T20:52:58.717Z", "name": "Restaura\u00e7\u00e3o Provis\u00f3ria", "description": "Restaura\u00e7\u00e3o Provis\u00f3ria"}}, {"model": "odontology.proceduredental", "pk": 5, "fields": {"created_on": "2016-01-28T20:53:12.066Z", "updated_on": "2016-01-28T20:53:12.066Z", "name": "Cariado", "description": "Cariado"}}, {"model": "odontology.proceduredental", "pk": 6, "fields": {"created_on": "2016-01-28T20:53:12.066Z", "updated_on": "2016-01-28T20:53:12.066Z", "name": "Restaura\u00e7\u00e3o a ser feita", "description": "Restaura\u00e7\u00e3o a ser feita"}}, {"model": "odontology.proceduredental", "pk": 7, "fields": {"created_on": "2016-01-28T20:53:12.066Z", "updated_on": "2016-01-28T20:53:12.066Z", "name": "Indicado para extra\u00e7\u00e3o", "description": "Indicado para extra\u00e7\u00e3o"}}, {"model": "odontology.proceduredental", "pk": 8, "fields": {"created_on": "2016-01-28T20:53:12.066Z", "updated_on": "2016-01-28T20:53:12.066Z", "name": "Extra\u00eddo ou ausente", "description": "Extra\u00eddo ou ausente"}}, {"model": "odontology.proceduredental", "pk": 9, "fields": {"created_on": "2016-01-28T20:53:12.066Z", "updated_on": "2016-01-28T20:53:12.066Z", "name": "Protese Fixa", "description": "Protese Fixa"}}, {"model": "odontology.oralprocedure", "pk": 1, "fields": {"created_on": "2016-01-28T20:53:46.933Z", "updated_on": "2016-03-21T14:36:59.382Z", "name": "Tartarectomia", "description": "Tartarectomia"}}, {"model": "odontology.oralprocedure", "pk": 2, "fields": {"created_on": "2016-01-28T20:53:59.713Z", "updated_on": "2016-03-21T14:37:34.285Z", "name": "Fluor", "description": "Fluor"}}, {"model": "odontology.oralprocedure", "pk": 3, "fields": {"created_on": "2016-01-28T20:54:16.756Z", "updated_on": "2016-03-21T14:37:17.704Z", "name": "Profilaxia", "description": "Profilaxia"}}, {"model": "odontology.oralprocedure", "pk": 4, "fields": {"created_on": "2016-03-21T14:39:22.188Z", "updated_on": "2016-03-21T14:39:22.188Z", "name": "Remo\u00e7\u00e3o de Pontos", "description": "Remo\u00e7\u00e3o de Pontos"}}, {"model": "odontology.oralprocedure", "pk": 5, "fields": {"created_on": "2016-03-21T14:40:47.231Z", "updated_on": "2016-03-21T14:40:47.231Z", "name": "Drenagem de Absesso", "description": "Drenagem de Absesso"}}, {"model": "odontology.oralprocedure", "pk": 6, "fields": {"created_on": "2016-03-23T12:12:54.177Z", "updated_on": "2016-03-23T12:12:54.177Z", "name": "Instru\u00e7\u00e3o de Higiene Oral", "description": "Instru\u00e7\u00e3o de Higiene Oral"}}, {"model": "odontology.consultation", "pk": 6, "fields": {"created_on": "2016-03-28T12:34:03.203Z", "updated_on": "2016-03-28T12:34:03.203Z", "patient": 25, "attendance": true, "first_consultation": false, "return_consultation": true, "urgency_consultation": false, "completed_treatment": false, "clinical_examination": ""}}, {"model": "odontology.exams", "pk": 1, "fields": {"created_on": "2016-03-22T11:46:38.931Z", "updated_on": "2016-03-23T12:15:20.300Z", "name": "RX interproximal", "description": "RX interproximal"}}, {"model": "odontology.exams", "pk": 2, "fields": {"created_on": "2016-03-22T11:48:55.635Z", "updated_on": "2016-03-23T12:14:41.967Z", "name": "RX periapical", "description": "RX periapical"}}, {"model": "odontology.exams", "pk": 3, "fields": {"created_on": "2016-03-23T12:15:34.365Z", "updated_on": "2016-03-23T12:15:34.365Z", "name": "RX oclusal", "description": "RX oclusal"}}, {"model": "odontology.exams", "pk": 4, "fields": {"created_on": "2016-03-23T12:15:45.265Z", "updated_on": "2016-03-23T12:15:45.265Z", "name": "RX panor\u00e2mico", "description": "RX panor\u00e2mico"}}, {"model": "odontology.exams", "pk": 5, "fields": {"created_on": "2016-03-23T12:16:02.180Z", "updated_on": "2016-03-23T12:16:02.180Z", "name": "RX lateral", "description": "RX lateral"}}, {"model": "odontology.exams", "pk": 6, "fields": {"created_on": "2016-03-23T12:16:15.290Z", "updated_on": "2016-03-23T12:16:15.290Z", "name": "RX lateral obl\u00edqua", "description": "RX lateral obl\u00edqua"}}, {"model": "odontology.exams", "pk": 7, "fields": {"created_on": "2016-03-23T12:17:30.490Z", "updated_on": "2016-03-23T12:17:30.490Z", "name": "RX de Waters", "description": "RX de Waters"}}, {"model": "odontology.exams", "pk": 8, "fields": {"created_on": "2016-03-23T12:17:39.164Z", "updated_on": "2016-03-23T12:17:39.164Z", "name": "RX de Towne", "description": "RX de Towne"}}, {"model": "odontology.exams", "pk": 9, "fields": {"created_on": "2016-03-23T12:17:48.176Z", "updated_on": "2016-03-23T12:17:48.176Z", "name": "RX de Towne modificada", "description": "RX de Towne modificada"}}, {"model": "odontology.exams", "pk": 10, "fields": {"created_on": "2016-03-23T12:17:58.079Z", "updated_on": "2016-03-23T12:17:58.079Z", "name": "RX telerradiogr\u00e1fico", "description": "RX telerradiogr\u00e1fico"}}, {"model": "odontology.exams", "pk": 11, "fields": {"created_on": "2016-03-23T12:21:06.026Z", "updated_on": "2016-03-23T12:21:06.026Z", "name": "Hemograma Completo", "description": "Hemograma Completo"}}, {"model": "odontology.exams", "pk": 12, "fields": {"created_on": "2016-03-23T12:22:04.587Z", "updated_on": "2016-03-23T12:22:04.587Z", "name": "Coagulograma", "description": "Coagulograma"}}, {"model": "odontology.exams", "pk": 13, "fields": {"created_on": "2016-03-23T12:22:28.308Z", "updated_on": "2016-03-23T12:22:28.308Z", "name": "Glicemia em jejum", "description": "Glicemia em jejum"}}, {"model": "odontology.examinationsolicitation", "pk": 10, "fields": {"created_on": "2016-03-28T12:35:08.546Z", "updated_on": "2016-03-28T12:35:08.546Z", "exams": 2, "consultation": 6, "appraisal": "Dente 44"}}, {"model": "auth.permission", "pk": 1, "fields": {"name": "Can add log entry", "content_type": 1, "codename": "add_logentry"}}, {"model": "auth.permission", "pk": 2, "fields": {"name": "Can change log entry", "content_type": 1, "codename": "change_logentry"}}, {"model": "auth.permission", "pk": 3, "fields": {"name": "Can delete log entry", "content_type": 1, "codename": "delete_logentry"}}, {"model": "auth.permission", "pk": 4, "fields": {"name": "Can add permission", "content_type": 2, "codename": "add_permission"}}, {"model": "auth.permission", "pk": 5, "fields": {"name": "Can change permission", "content_type": 2, "codename": "change_permission"}}, {"model": "auth.permission", "pk": 6, "fields": {"name": "Can delete permission", "content_type": 2, "codename": "delete_permission"}}, {"model": "auth.permission", "pk": 7, "fields": {"name": "Can add group", "content_type": 3, "codename": "add_group"}}, {"model": "auth.permission", "pk": 8, "fields": {"name": "Can change group", "content_type": 3, "codename": "change_group"}}, {"model": "auth.permission", "pk": 9, "fields": {"name": "Can delete group", "content_type": 3, "codename": "delete_group"}}, {"model": "auth.permission", "pk": 10, "fields": {"name": "Can add user", "content_type": 4, "codename": "add_user"}}, {"model": "auth.permission", "pk": 11, "fields": {"name": "Can change user", "content_type": 4, "codename": "change_user"}}, {"model": "auth.permission", "pk": 12, "fields": {"name": "Can delete user", "content_type": 4, "codename": "delete_user"}}, {"model": "auth.permission", "pk": 13, "fields": {"name": "Can add content type", "content_type": 5, "codename": "add_contenttype"}}, {"model": "auth.permission", "pk": 14, "fields": {"name": "Can change content type", "content_type": 5, "codename": "change_contenttype"}}, {"model": "auth.permission", "pk": 15, "fields": {"name": "Can delete content type", "content_type": 5, "codename": "delete_contenttype"}}, {"model": "auth.permission", "pk": 16, "fields": {"name": "Can add session", "content_type": 6, "codename": "add_session"}}, {"model": "auth.permission", "pk": 17, "fields": {"name": "Can change session", "content_type": 6, "codename": "change_session"}}, {"model": "auth.permission", "pk": 18, "fields": {"name": "Can delete session", "content_type": 6, "codename": "delete_session"}}, {"model": "auth.permission", "pk": 19, "fields": {"name": "Can add user", "content_type": 7, "codename": "add_dentist"}}, {"model": "auth.permission", "pk": 20, "fields": {"name": "Can change user", "content_type": 7, "codename": "change_dentist"}}, {"model": "auth.permission", "pk": 21, "fields": {"name": "Can delete user", "content_type": 7, "codename": "delete_dentist"}}, {"model": "auth.permission", "pk": 22, "fields": {"name": "Can add course", "content_type": 8, "codename": "add_course"}}, {"model": "auth.permission", "pk": 23, "fields": {"name": "Can change course", "content_type": 8, "codename": "change_course"}}, {"model": "auth.permission", "pk": 24, "fields": {"name": "Can delete course", "content_type": 8, "codename": "delete_course"}}, {"model": "auth.permission", "pk": 25, "fields": {"name": "Can add tooth", "content_type": 9, "codename": "add_tooth"}}, {"model": "auth.permission", "pk": 26, "fields": {"name": "Can change tooth", "content_type": 9, "codename": "change_tooth"}}, {"model": "auth.permission", "pk": 27, "fields": {"name": "Can delete tooth", "content_type": 9, "codename": "delete_tooth"}}, {"model": "auth.permission", "pk": 28, "fields": {"name": "Can add tooth division", "content_type": 10, "codename": "add_toothdivision"}}, {"model": "auth.permission", "pk": 29, "fields": {"name": "Can change tooth division", "content_type": 10, "codename": "change_toothdivision"}}, {"model": "auth.permission", "pk": 30, "fields": {"name": "Can delete tooth division", "content_type": 10, "codename": "delete_toothdivision"}}, {"model": "auth.permission", "pk": 31, "fields": {"name": "Can add patient", "content_type": 11, "codename": "add_patient"}}, {"model": "auth.permission", "pk": 32, "fields": {"name": "Can change patient", "content_type": 11, "codename": "change_patient"}}, {"model": "auth.permission", "pk": 33, "fields": {"name": "Can delete patient", "content_type": 11, "codename": "delete_patient"}}, {"model": "auth.permission", "pk": 34, "fields": {"name": "Can add address", "content_type": 12, "codename": "add_address"}}, {"model": "auth.permission", "pk": 35, "fields": {"name": "Can change address", "content_type": 12, "codename": "change_address"}}, {"model": "auth.permission", "pk": 36, "fields": {"name": "Can delete address", "content_type": 12, "codename": "delete_address"}}, {"model": "auth.permission", "pk": 37, "fields": {"name": "Can add patient tooth", "content_type": 13, "codename": "add_patienttooth"}}, {"model": "auth.permission", "pk": 38, "fields": {"name": "Can change patient tooth", "content_type": 13, "codename": "change_patienttooth"}}, {"model": "auth.permission", "pk": 39, "fields": {"name": "Can delete patient tooth", "content_type": 13, "codename": "delete_patienttooth"}}, {"model": "auth.permission", "pk": 40, "fields": {"name": "Can add procedure dental", "content_type": 14, "codename": "add_proceduredental"}}, {"model": "auth.permission", "pk": 41, "fields": {"name": "Can change procedure dental", "content_type": 14, "codename": "change_proceduredental"}}, {"model": "auth.permission", "pk": 42, "fields": {"name": "Can delete procedure dental", "content_type": 14, "codename": "delete_proceduredental"}}, {"model": "auth.permission", "pk": 43, "fields": {"name": "Can add oral procedure", "content_type": 15, "codename": "add_oralprocedure"}}, {"model": "auth.permission", "pk": 44, "fields": {"name": "Can change oral procedure", "content_type": 15, "codename": "change_oralprocedure"}}, {"model": "auth.permission", "pk": 45, "fields": {"name": "Can delete oral procedure", "content_type": 15, "codename": "delete_oralprocedure"}}, {"model": "auth.permission", "pk": 46, "fields": {"name": "Can add consultation", "content_type": 16, "codename": "add_consultation"}}, {"model": "auth.permission", "pk": 47, "fields": {"name": "Can change consultation", "content_type": 16, "codename": "change_consultation"}}, {"model": "auth.permission", "pk": 48, "fields": {"name": "Can delete consultation", "content_type": 16, "codename": "delete_consultation"}}, {"model": "auth.permission", "pk": 49, "fields": {"name": "Can add patient dental procedure", "content_type": 17, "codename": "add_patientdentalprocedure"}}, {"model": "auth.permission", "pk": 50, "fields": {"name": "Can change patient dental procedure", "content_type": 17, "codename": "change_patientdentalprocedure"}}, {"model": "auth.permission", "pk": 51, "fields": {"name": "Can delete patient dental procedure", "content_type": 17, "codename": "delete_patientdentalprocedure"}}, {"model": "auth.permission", "pk": 52, "fields": {"name": "Can add oral patient procedure", "content_type": 18, "codename": "add_oralpatientprocedure"}}, {"model": "auth.permission", "pk": 53, "fields": {"name": "Can change oral patient procedure", "content_type": 18, "codename": "change_oralpatientprocedure"}}, {"model": "auth.permission", "pk": 54, "fields": {"name": "Can delete oral patient procedure", "content_type": 18, "codename": "delete_oralpatientprocedure"}}, {"model": "auth.permission", "pk": 55, "fields": {"name": "Can add exams", "content_type": 19, "codename": "add_exams"}}, {"model": "auth.permission", "pk": 56, "fields": {"name": "Can change exams", "content_type": 19, "codename": "change_exams"}}, {"model": "auth.permission", "pk": 57, "fields": {"name": "Can delete exams", "content_type": 19, "codename": "delete_exams"}}, {"model": "auth.permission", "pk": 58, "fields": {"name": "Can add examination solicitation", "content_type": 20, "codename": "add_examinationsolicitation"}}, {"model": "auth.permission", "pk": 59, "fields": {"name": "Can change examination solicitation", "content_type": 20, "codename": "change_examinationsolicitation"}}, {"model": "auth.permission", "pk": 60, "fields": {"name": "Can delete examination solicitation", "content_type": 20, "codename": "delete_examinationsolicitation"}}, {"model": "auth.user", "pk": 1, "fields": {"password": "pbkdf2_sha256$24000$Mo9PtRmGU0R5$nkmMZMsPHiuZ8IerkC/9i6CC1gr4oDuVP8psN6mMK/E=", "last_login": "2016-03-23T12:29:18Z", "is_superuser": true, "username": "nonato", "first_name": "Nonato", "last_name": "Sales", "email": "nrdesales@hotmail.com", "is_staff": true, "is_active": true, "date_joined": "2016-02-04T22:58:29Z", "groups": [], "user_permissions": []}}, {"model": "auth.user", "pk": 2, "fields": {"password": "pbkdf2_sha256$24000$oHgeojektMla$VRLLsV46JkG5vHuik4PM/WlLwAqIgRs4/kpN1lVAabk=", "last_login": "2016-03-23T12:30:44.472Z", "is_superuser": false, "username": "anavirginia", "first_name": "Ana Virginia", "last_name": "Castro", "email": "anavnc@yahoo.com.br", "is_staff": false, "is_active": true, "date_joined": "2016-02-05T17:02:40Z", "groups": [], "user_permissions": []}}, {"model": "odontology.dentist", "pk": 2, "fields": {"created_on": "2016-02-05T17:02:40.795Z", "updated_on": "2016-02-05T17:02:40.795Z", "sex": "F", "marital_status": "CASADO", "birth_date": "1989-02-25", "cro": "PI8541", "phone": "(89)34225214", "groups": [], "user_permissions": []}}, {"model": "odontology.patientdentalprocedure", "pk": 14, "fields": {"created_on": "2016-03-28T12:34:23.106Z", "updated_on": "2016-03-28T12:34:23.106Z", "patient_tooth": 764, "tooth_division": 5, "procedure_dental": 2, "dentist": 2, "consultation": 6}}, {"model": "odontology.patientdentalprocedure", "pk": 15, "fields": {"created_on": "2016-03-28T12:34:40.835Z", "updated_on": "2016-03-28T12:34:40.835Z", "patient_tooth": 757, "tooth_division": 2, "procedure_dental": 5, "dentist": 2, "consultation": 6}}, {"model": "odontology.patientdentalprocedure", "pk": 16, "fields": {"created_on": "2016-03-28T17:58:36.704Z", "updated_on": "2016-03-28T17:58:36.704Z", "patient_tooth": 740, "tooth_division": 6, "procedure_dental": 9, "dentist": 2, "consultation": 6}}, {"model": "odontology.oralpatientprocedure", "pk": 14, "fields": {"created_on": "2016-03-28T12:34:49.909Z", "updated_on": "2016-03-28T12:34:49.909Z", "oral_procedure": 1, "dentist": 2, "consultation": 6}}, {"model": "odontology.oralpatientprocedure", "pk": 15, "fields": {"created_on": "2016-03-28T12:34:52.659Z", "updated_on": "2016-03-28T12:34:52.659Z", "oral_procedure": 2, "dentist": 2, "consultation": 6}}, {"model": "odontology.oralpatientprocedure", "pk": 16, "fields": {"created_on": "2016-03-28T12:34:57.747Z", "updated_on": "2016-03-28T12:34:57.748Z", "oral_procedure": 6, "dentist": 2, "consultation": 6}}, {"model": "admin.logentry", "pk": 1, "fields": {"action_time": "2016-03-23T12:30:18.497Z", "user": 1, "content_type": 4, "object_id": "2", "object_repr": "anavirginia", "action_flag": 2, "change_message": "Modificado username, first_name, last_name e email."}}, {"model": "admin.logentry", "pk": 2, "fields": {"action_time": "2016-03-23T12:30:30.210Z", "user": 1, "content_type": 4, "object_id": "1", "object_repr": "nonato", "action_flag": 2, "change_message": "Modificado first_name e last_name."}}]