[{"model": "contenttypes.contenttype", "pk": 1, "fields": {"app_label": "admin", "model": "logentry"}}, {"model": "contenttypes.contenttype", "pk": 2, "fields": {"app_label": "auth", "model": "permission"}}, {"model": "contenttypes.contenttype", "pk": 3, "fields": {"app_label": "auth", "model": "group"}}, {"model": "contenttypes.contenttype", "pk": 4, "fields": {"app_label": "auth", "model": "user"}}, {"model": "contenttypes.contenttype", "pk": 5, "fields": {"app_label": "contenttypes", "model": "contenttype"}}, {"model": "contenttypes.contenttype", "pk": 6, "fields": {"app_label": "sessions", "model": "session"}}, {"model": "contenttypes.contenttype", "pk": 7, "fields": {"app_label": "odontology", "model": "dentist"}}, {"model": "contenttypes.contenttype", "pk": 8, "fields": {"app_label": "odontology", "model": "course"}}, {"model": "contenttypes.contenttype", "pk": 9, "fields": {"app_label": "odontology", "model": "tooth"}}, {"model": "contenttypes.contenttype", "pk": 10, "fields": {"app_label": "odontology", "model": "toothdivision"}}, {"model": "contenttypes.contenttype", "pk": 11, "fields": {"app_label": "odontology", "model": "patient"}}, {"model": "contenttypes.contenttype", "pk": 12, "fields": {"app_label": "odontology", "model": "address"}}, {"model": "contenttypes.contenttype", "pk": 13, "fields": {"app_label": "odontology", "model": "patienttooth"}}, {"model": "contenttypes.contenttype", "pk": 14, "fields": {"app_label": "odontology", "model": "proceduredental"}}, {"model": "contenttypes.contenttype", "pk": 15, "fields": {"app_label": "odontology", "model": "oralprocedure"}}, {"model": "contenttypes.contenttype", "pk": 16, "fields": {"app_label": "odontology", "model": "patientdentalprocedure"}}, {"model": "contenttypes.contenttype", "pk": 17, "fields": {"app_label": "odontology", "model": "oralpatientprocedure"}}, {"model": "sessions.session", "pk": "e0gzay1ok73w7anqppyqyxzgkxvhmyi1", "fields": {"session_data": "MzcwOTJhZTE2M2NiNWJhZjI4ZDM1ZjcwZWVkZTc1NGE4YzBiYzc4Njp7Il9hdXRoX3VzZXJfYmFja2VuZCI6ImRqYW5nby5jb250cmliLmF1dGguYmFja2VuZHMuTW9kZWxCYWNrZW5kIiwiX2F1dGhfdXNlcl9pZCI6IjIiLCJfYXV0aF91c2VyX2hhc2giOiI4OWMyYmI2ZDkxMDI3NmU3NWI5M2ZhODY1M2ZlMDIzMzg2NTVlOTc4In0=", "expire_date": "2016-02-26T21:41:02.422Z"}}, {"model": "odontology.course", "pk": 1, "fields": {"created_on": "2016-01-13T23:10:38.031Z", "updated_on": "2016-01-13T23:10:38.031Z", "name": "Sistema de informa\u00e7\u00e3o", "description": "Bacharelado em Sistema de Informa\u00e7\u00e3o"}}, {"model": "odontology.course", "pk": 2, "fields": {"created_on": "2016-01-26T21:39:15.722Z", "updated_on": "2016-01-26T21:39:15.722Z", "name": "Enfermagem", "description": "Bacharelado em Enfermagem"}}, {"model": "odontology.course", "pk": 3, "fields": {"created_on": "2016-01-26T21:39:47.456Z", "updated_on": "2016-01-26T21:39:47.456Z", "name": "Nutri\u00e7\u00e3o", "description": "Bacharelado em Nutri\u00e7\u00e3o"}}, {"model": "odontology.course", "pk": 4, "fields": {"created_on": "2016-01-26T21:40:50.045Z", "updated_on": "2016-01-26T21:40:50.045Z", "name": "Matem\u00e1tica", "description": "Licenciatura em Matem\u00e1tica"}}, {"model": "odontology.course", "pk": 5, "fields": {"created_on": "2016-01-26T21:41:20.581Z", "updated_on": "2016-01-26T21:41:20.581Z", "name": "Hist\u00f3ria", "description": "Licenciatura em Hist\u00f3ria"}}, {"model": "odontology.course", "pk": 6, "fields": {"created_on": "2016-01-26T21:41:42.342Z", "updated_on": "2016-01-26T21:41:42.342Z", "name": "Biologia", "description": "Bacharelado em Biologia"}}, {"model": "odontology.course", "pk": 7, "fields": {"created_on": "2016-01-26T21:42:03.160Z", "updated_on": "2016-01-26T21:42:28.413Z", "name": "Administra\u00e7\u00e3o", "description": "Bacharelado em Administra\u00e7\u00e3o"}}, {"model": "odontology.tooth", "pk": 1, "fields": {"created_on": "2016-01-29T21:03:34.746Z", "updated_on": "2016-01-29T21:03:34.747Z", "name": "18", "description": "Terceiro Molar Superior Direito"}}, {"model": "odontology.tooth", "pk": 2, "fields": {"created_on": "2016-01-29T21:03:14.255Z", "updated_on": "2016-01-29T21:03:14.256Z", "name": "17", "description": "Segundo Molar Superior Direito"}}, {"model": "odontology.tooth", "pk": 3, "fields": {"created_on": "2016-01-29T21:03:04.261Z", "updated_on": "2016-01-29T21:03:04.261Z", "name": "16", "description": "Primeiro Molar Superior Direito"}}, {"model": "odontology.tooth", "pk": 4, "fields": {"created_on": "2016-01-29T21:02:52.641Z", "updated_on": "2016-01-29T21:02:52.641Z", "name": "15", "description": "Segundo Premolar Superior Direito"}}, {"model": "odontology.tooth", "pk": 5, "fields": {"created_on": "2016-01-29T21:02:41.941Z", "updated_on": "2016-01-29T21:02:41.941Z", "name": "14", "description": "Primeiro Premolar Superior Direito"}}, {"model": "odontology.tooth", "pk": 6, "fields": {"created_on": "2016-01-29T21:02:30.325Z", "updated_on": "2016-01-29T21:02:30.325Z", "name": "13", "description": "Canino Superior Direito"}}, {"model": "odontology.tooth", "pk": 7, "fields": {"created_on": "2016-01-29T21:02:18.637Z", "updated_on": "2016-01-29T21:02:18.637Z", "name": "12", "description": "Incisivo Lateral Superior Direito"}}, {"model": "odontology.tooth", "pk": 8, "fields": {"created_on": "2016-01-29T21:02:00.440Z", "updated_on": "2016-01-29T21:02:00.440Z", "name": "11", "description": "Incisivo Central Superior Direito"}}, {"model": "odontology.tooth", "pk": 9, "fields": {"created_on": "2016-01-29T21:03:48.375Z", "updated_on": "2016-01-29T21:03:48.375Z", "name": "21", "description": "Incisivo Central Superior Esquerdo"}}, {"model": "odontology.tooth", "pk": 10, "fields": {"created_on": "2016-01-29T21:03:59.596Z", "updated_on": "2016-01-29T21:03:59.596Z", "name": "22", "description": "Incisivo Lateral Superior Esquerdo"}}, {"model": "odontology.tooth", "pk": 11, "fields": {"created_on": "2016-01-29T21:04:13.641Z", "updated_on": "2016-01-29T21:04:13.641Z", "name": "23", "description": "Canino Superior Esquerdo"}}, {"model": "odontology.tooth", "pk": 12, "fields": {"created_on": "2016-01-29T21:04:26.182Z", "updated_on": "2016-01-29T21:04:26.182Z", "name": "24", "description": "Primeiro Premolar Superior Esquerdo"}}, {"model": "odontology.tooth", "pk": 13, "fields": {"created_on": "2016-01-29T21:04:37.745Z", "updated_on": "2016-01-29T21:04:37.745Z", "name": "25", "description": "Segundo Premolar Superior Esquerdo"}}, {"model": "odontology.tooth", "pk": 14, "fields": {"created_on": "2016-01-29T21:04:51.702Z", "updated_on": "2016-01-29T21:04:51.703Z", "name": "26", "description": "Primeiro Molar Superior Esquerdo"}}, {"model": "odontology.tooth", "pk": 15, "fields": {"created_on": "2016-01-29T21:05:04.192Z", "updated_on": "2016-01-29T21:05:04.193Z", "name": "27", "description": "Segundo Molar Superior Esquerdo"}}, {"model": "odontology.tooth", "pk": 16, "fields": {"created_on": "2016-01-29T21:05:14.319Z", "updated_on": "2016-01-29T21:05:14.319Z", "name": "28", "description": "Terceiro Molar Superior Esquerdo"}}, {"model": "odontology.tooth", "pk": 17, "fields": {"created_on": "2016-01-29T21:07:34.281Z", "updated_on": "2016-01-29T21:07:34.281Z", "name": "48", "description": "Terceiro Molar Inferior Direito"}}, {"model": "odontology.tooth", "pk": 18, "fields": {"created_on": "2016-01-29T21:08:02.101Z", "updated_on": "2016-01-29T21:08:02.101Z", "name": "47", "description": "Segundo Molar Inferior Direito"}}, {"model": "odontology.tooth", "pk": 19, "fields": {"created_on": "2016-01-29T21:08:13.192Z", "updated_on": "2016-01-29T21:08:13.192Z", "name": "46", "description": "Primeiro Molar Inferior Direito"}}, {"model": "odontology.tooth", "pk": 20, "fields": {"created_on": "2016-01-29T21:08:31.999Z", "updated_on": "2016-01-29T21:08:31.999Z", "name": "45", "description": "Segundo Premolar Inferior Direito"}}, {"model": "odontology.tooth", "pk": 21, "fields": {"created_on": "2016-01-29T21:08:46.281Z", "updated_on": "2016-01-29T21:08:46.281Z", "name": "44", "description": "Primeiro Premolar Inferior Direito"}}, {"model": "odontology.tooth", "pk": 22, "fields": {"created_on": "2016-01-29T21:08:58.282Z", "updated_on": "2016-01-29T21:08:58.282Z", "name": "43", "description": "Canino Inferior Direito"}}, {"model": "odontology.tooth", "pk": 23, "fields": {"created_on": "2016-01-29T21:09:10.697Z", "updated_on": "2016-01-29T21:09:10.697Z", "name": "42", "description": "Incisivo Lateral Inferior Direito"}}, {"model": "odontology.tooth", "pk": 24, "fields": {"created_on": "2016-01-29T21:09:27.157Z", "updated_on": "2016-01-29T21:09:27.157Z", "name": "41", "description": "Incisivo Central Inferior Direito"}}, {"model": "odontology.tooth", "pk": 25, "fields": {"created_on": "2016-01-29T21:07:25.010Z", "updated_on": "2016-01-29T21:07:25.010Z", "name": "31", "description": "Incisivo Central Inferior Esquerdo"}}, {"model": "odontology.tooth", "pk": 26, "fields": {"created_on": "2016-01-29T21:07:16.186Z", "updated_on": "2016-01-29T21:07:16.186Z", "name": "32", "description": "Incisivo Lateral Inferior Esquerdo"}}, {"model": "odontology.tooth", "pk": 27, "fields": {"created_on": "2016-01-29T21:07:07.132Z", "updated_on": "2016-01-29T21:07:07.132Z", "name": "33", "description": "Canino Inferior Esquerdo"}}, {"model": "odontology.tooth", "pk": 28, "fields": {"created_on": "2016-01-29T21:06:40.920Z", "updated_on": "2016-01-29T21:06:40.920Z", "name": "34", "description": "Primeiro Premolar Inferior Esquerdo"}}, {"model": "odontology.tooth", "pk": 29, "fields": {"created_on": "2016-01-29T21:06:21.881Z", "updated_on": "2016-01-29T21:06:21.881Z", "name": "35", "description": "Segundo Premolar Inferior Esquerdo"}}, {"model": "odontology.tooth", "pk": 30, "fields": {"created_on": "2016-01-29T21:06:12.491Z", "updated_on": "2016-01-29T21:06:12.491Z", "name": "36", "description": "Primeiro Molar Inferior Esquerdo"}}, {"model": "odontology.tooth", "pk": 31, "fields": {"created_on": "2016-01-29T21:06:01.094Z", "updated_on": "2016-01-29T21:06:01.094Z", "name": "37", "description": "Segundo  Molar Inferior Esquerdo"}}, {"model": "odontology.tooth", "pk": 32, "fields": {"created_on": "2016-01-29T21:05:25.328Z", "updated_on": "2016-01-29T21:05:25.328Z", "name": "38", "description": "Terceiro Molar Inferior Esquerdo"}}, {"model": "odontology.toothdivision", "pk": 1, "fields": {"created_on": "2016-01-28T21:30:42.655Z", "updated_on": "2016-01-28T21:30:42.655Z", "name": "FP/FL", "description": "Face Palatal/Face Lingual"}}, {"model": "odontology.toothdivision", "pk": 2, "fields": {"created_on": "2016-01-28T21:30:58.536Z", "updated_on": "2016-01-28T21:30:58.536Z", "name": "FV", "description": "Face Vestibular"}}, {"model": "odontology.toothdivision", "pk": 3, "fields": {"created_on": "2016-01-28T21:31:13.079Z", "updated_on": "2016-01-28T21:31:13.079Z", "name": "FM", "description": "Face Mesial"}}, {"model": "odontology.toothdivision", "pk": 4, "fields": {"created_on": "2016-01-28T21:31:27.322Z", "updated_on": "2016-01-28T21:31:27.322Z", "name": "FD", "description": "Face Distal"}}, {"model": "odontology.toothdivision", "pk": 5, "fields": {"created_on": "2016-01-28T21:31:39.784Z", "updated_on": "2016-01-28T21:31:39.785Z", "name": "FO", "description": "Face Oclusal"}}, {"model": "odontology.toothdivision", "pk": 6, "fields": {"created_on": "2016-01-28T21:31:39.784Z", "updated_on": "2016-02-05T16:52:40.198Z", "name": "DC", "description": "Dente Completo"}}, {"model": "odontology.patient", "pk": 1, "fields": {"created_on": "2016-02-12T21:37:10.166Z", "updated_on": "2016-02-12T21:37:10.166Z", "name": "Nonato Rodrigues de Sales Carvalho", "sex": "M", "marital_status": "CASADO", "birth_date": "1985-06-02", "father": "Raimundo Nonato Rodrigues", "mother": "Antonia Maria de Sales Rodrigues", "phone": "99930-5127", "course": null, "types": "Funcion\u00e1rio", "email": "nrdesales@hotmail.com", "dependents": [2, 3]}}, {"model": "odontology.patient", "pk": 2, "fields": {"created_on": "2016-02-12T21:37:25.460Z", "updated_on": "2016-02-12T21:37:25.913Z", "name": "Maria da Concei\u00e7\u00e3o", "sex": "F", "marital_status": "CASADO", "birth_date": null, "father": null, "mother": null, "phone": "999978117", "course": null, "types": "Dependente", "email": "mariacarvalhoadm@hotmail.com", "dependents": []}}, {"model": "odontology.patient", "pk": 3, "fields": {"created_on": "2016-02-12T21:37:40.964Z", "updated_on": "2016-02-12T21:37:41.329Z", "name": "Esdras Rodrigues", "sex": "M", "marital_status": "SOLTEIRO", "birth_date": null, "father": null, "mother": null, "phone": "988132587", "course": null, "types": "Dependente", "email": "esdras@gmail.com", "dependents": []}}, {"model": "odontology.patient", "pk": 4, "fields": {"created_on": "2016-02-12T21:38:36.254Z", "updated_on": "2016-02-12T21:38:36.254Z", "name": "Micael Araujo", "sex": "M", "marital_status": "SOLTEIRO", "birth_date": "1993-08-03", "father": "", "mother": "", "phone": "98815-2014", "course": 1, "types": "Estudante", "email": "micael@hotmail.com", "dependents": []}}, {"model": "odontology.patient", "pk": 5, "fields": {"created_on": "2016-02-12T21:39:36.507Z", "updated_on": "2016-02-12T21:39:36.507Z", "name": "Leandro Araujo", "sex": "M", "marital_status": "SOLTEIRO", "birth_date": "1992-02-15", "father": "", "mother": "", "phone": "98801-9658", "course": 1, "types": "Estudante", "email": "leandro@hotmail.com", "dependents": []}}, {"model": "odontology.address", "pk": 1, "fields": {"created_on": "2016-02-12T21:36:10.827Z", "updated_on": "2016-02-12T21:36:10.827Z", "city": "Picos", "state": "PI", "street": "Av Severo Eulalio", "number": "1000", "complement": "", "zip_code": "64600-000", "reference_point": "", "neighborhood": "Canto da Varzea", "country": "Brasil", "content_type": 7, "object_id": 2}}, {"model": "odontology.address", "pk": 2, "fields": {"created_on": "2016-02-12T21:37:10.549Z", "updated_on": "2016-02-12T21:37:10.549Z", "city": "Picos", "state": "PI", "street": "Av Eliseu Perire Bezerra", "number": "451", "complement": "", "zip_code": "64600-430", "reference_point": "", "neighborhood": "Passagem das Pedras", "country": "Brasil", "content_type": 11, "object_id": 1}}, {"model": "odontology.address", "pk": 3, "fields": {"created_on": "2016-02-12T21:38:36.620Z", "updated_on": "2016-02-12T21:38:36.620Z", "city": "S\u00e3o Raimundo Nonato", "state": "PI", "street": "Rua Projetada", "number": "412", "complement": "", "zip_code": "64600-000", "reference_point": "", "neighborhood": "Centro", "country": "Brasil", "content_type": 11, "object_id": 4}}, {"model": "odontology.address", "pk": 4, "fields": {"created_on": "2016-02-12T21:39:36.868Z", "updated_on": "2016-02-12T21:39:36.868Z", "city": "Dom Expedito Lopes", "state": "PI", "street": "Povoado Baixa Grande", "number": "S/N", "complement": "", "zip_code": "64600-000", "reference_point": "", "neighborhood": "Centro", "country": "Brasil", "content_type": 11, "object_id": 5}}, {"model": "odontology.patienttooth", "pk": 1, "fields": {"created_on": "2016-02-12T21:37:10.200Z", "updated_on": "2016-02-12T21:37:10.200Z", "tooth": 1, "patient": 1}}, {"model": "odontology.patienttooth", "pk": 2, "fields": {"created_on": "2016-02-12T21:37:10.271Z", "updated_on": "2016-02-12T21:37:10.271Z", "tooth": 2, "patient": 1}}, {"model": "odontology.patienttooth", "pk": 3, "fields": {"created_on": "2016-02-12T21:37:10.297Z", "updated_on": "2016-02-12T21:37:10.297Z", "tooth": 3, "patient": 1}}, {"model": "odontology.patienttooth", "pk": 4, "fields": {"created_on": "2016-02-12T21:37:10.305Z", "updated_on": "2016-02-12T21:37:10.305Z", "tooth": 4, "patient": 1}}, {"model": "odontology.patienttooth", "pk": 5, "fields": {"created_on": "2016-02-12T21:37:10.314Z", "updated_on": "2016-02-12T21:37:10.314Z", "tooth": 5, "patient": 1}}, {"model": "odontology.patienttooth", "pk": 6, "fields": {"created_on": "2016-02-12T21:37:10.322Z", "updated_on": "2016-02-12T21:37:10.322Z", "tooth": 6, "patient": 1}}, {"model": "odontology.patienttooth", "pk": 7, "fields": {"created_on": "2016-02-12T21:37:10.330Z", "updated_on": "2016-02-12T21:37:10.330Z", "tooth": 7, "patient": 1}}, {"model": "odontology.patienttooth", "pk": 8, "fields": {"created_on": "2016-02-12T21:37:10.338Z", "updated_on": "2016-02-12T21:37:10.338Z", "tooth": 8, "patient": 1}}, {"model": "odontology.patienttooth", "pk": 9, "fields": {"created_on": "2016-02-12T21:37:10.347Z", "updated_on": "2016-02-12T21:37:10.347Z", "tooth": 9, "patient": 1}}, {"model": "odontology.patienttooth", "pk": 10, "fields": {"created_on": "2016-02-12T21:37:10.355Z", "updated_on": "2016-02-12T21:37:10.355Z", "tooth": 10, "patient": 1}}, {"model": "odontology.patienttooth", "pk": 11, "fields": {"created_on": "2016-02-12T21:37:10.363Z", "updated_on": "2016-02-12T21:37:10.363Z", "tooth": 11, "patient": 1}}, {"model": "odontology.patienttooth", "pk": 12, "fields": {"created_on": "2016-02-12T21:37:10.372Z", "updated_on": "2016-02-12T21:37:10.372Z", "tooth": 12, "patient": 1}}, {"model": "odontology.patienttooth", "pk": 13, "fields": {"created_on": "2016-02-12T21:37:10.380Z", "updated_on": "2016-02-12T21:37:10.380Z", "tooth": 13, "patient": 1}}, {"model": "odontology.patienttooth", "pk": 14, "fields": {"created_on": "2016-02-12T21:37:10.388Z", "updated_on": "2016-02-12T21:37:10.388Z", "tooth": 14, "patient": 1}}, {"model": "odontology.patienttooth", "pk": 15, "fields": {"created_on": "2016-02-12T21:37:10.397Z", "updated_on": "2016-02-12T21:37:10.397Z", "tooth": 15, "patient": 1}}, {"model": "odontology.patienttooth", "pk": 16, "fields": {"created_on": "2016-02-12T21:37:10.405Z", "updated_on": "2016-02-12T21:37:10.405Z", "tooth": 16, "patient": 1}}, {"model": "odontology.patienttooth", "pk": 17, "fields": {"created_on": "2016-02-12T21:37:10.413Z", "updated_on": "2016-02-12T21:37:10.413Z", "tooth": 17, "patient": 1}}, {"model": "odontology.patienttooth", "pk": 18, "fields": {"created_on": "2016-02-12T21:37:10.422Z", "updated_on": "2016-02-12T21:37:10.422Z", "tooth": 18, "patient": 1}}, {"model": "odontology.patienttooth", "pk": 19, "fields": {"created_on": "2016-02-12T21:37:10.430Z", "updated_on": "2016-02-12T21:37:10.430Z", "tooth": 19, "patient": 1}}, {"model": "odontology.patienttooth", "pk": 20, "fields": {"created_on": "2016-02-12T21:37:10.439Z", "updated_on": "2016-02-12T21:37:10.439Z", "tooth": 20, "patient": 1}}, {"model": "odontology.patienttooth", "pk": 21, "fields": {"created_on": "2016-02-12T21:37:10.447Z", "updated_on": "2016-02-12T21:37:10.447Z", "tooth": 21, "patient": 1}}, {"model": "odontology.patienttooth", "pk": 22, "fields": {"created_on": "2016-02-12T21:37:10.455Z", "updated_on": "2016-02-12T21:37:10.455Z", "tooth": 22, "patient": 1}}, {"model": "odontology.patienttooth", "pk": 23, "fields": {"created_on": "2016-02-12T21:37:10.463Z", "updated_on": "2016-02-12T21:37:10.463Z", "tooth": 23, "patient": 1}}, {"model": "odontology.patienttooth", "pk": 24, "fields": {"created_on": "2016-02-12T21:37:10.472Z", "updated_on": "2016-02-12T21:37:10.472Z", "tooth": 24, "patient": 1}}, {"model": "odontology.patienttooth", "pk": 25, "fields": {"created_on": "2016-02-12T21:37:10.480Z", "updated_on": "2016-02-12T21:37:10.480Z", "tooth": 25, "patient": 1}}, {"model": "odontology.patienttooth", "pk": 26, "fields": {"created_on": "2016-02-12T21:37:10.488Z", "updated_on": "2016-02-12T21:37:10.488Z", "tooth": 26, "patient": 1}}, {"model": "odontology.patienttooth", "pk": 27, "fields": {"created_on": "2016-02-12T21:37:10.497Z", "updated_on": "2016-02-12T21:37:10.497Z", "tooth": 27, "patient": 1}}, {"model": "odontology.patienttooth", "pk": 28, "fields": {"created_on": "2016-02-12T21:37:10.505Z", "updated_on": "2016-02-12T21:37:10.505Z", "tooth": 28, "patient": 1}}, {"model": "odontology.patienttooth", "pk": 29, "fields": {"created_on": "2016-02-12T21:37:10.513Z", "updated_on": "2016-02-12T21:37:10.513Z", "tooth": 29, "patient": 1}}, {"model": "odontology.patienttooth", "pk": 30, "fields": {"created_on": "2016-02-12T21:37:10.522Z", "updated_on": "2016-02-12T21:37:10.522Z", "tooth": 30, "patient": 1}}, {"model": "odontology.patienttooth", "pk": 31, "fields": {"created_on": "2016-02-12T21:37:10.530Z", "updated_on": "2016-02-12T21:37:10.530Z", "tooth": 31, "patient": 1}}, {"model": "odontology.patienttooth", "pk": 32, "fields": {"created_on": "2016-02-12T21:37:10.538Z", "updated_on": "2016-02-12T21:37:10.538Z", "tooth": 32, "patient": 1}}, {"model": "odontology.patienttooth", "pk": 33, "fields": {"created_on": "2016-02-12T21:37:25.519Z", "updated_on": "2016-02-12T21:37:25.519Z", "tooth": 1, "patient": 2}}, {"model": "odontology.patienttooth", "pk": 34, "fields": {"created_on": "2016-02-12T21:37:25.555Z", "updated_on": "2016-02-12T21:37:25.555Z", "tooth": 2, "patient": 2}}, {"model": "odontology.patienttooth", "pk": 35, "fields": {"created_on": "2016-02-12T21:37:25.605Z", "updated_on": "2016-02-12T21:37:25.605Z", "tooth": 3, "patient": 2}}, {"model": "odontology.patienttooth", "pk": 36, "fields": {"created_on": "2016-02-12T21:37:25.613Z", "updated_on": "2016-02-12T21:37:25.613Z", "tooth": 4, "patient": 2}}, {"model": "odontology.patienttooth", "pk": 37, "fields": {"created_on": "2016-02-12T21:37:25.621Z", "updated_on": "2016-02-12T21:37:25.621Z", "tooth": 5, "patient": 2}}, {"model": "odontology.patienttooth", "pk": 38, "fields": {"created_on": "2016-02-12T21:37:25.630Z", "updated_on": "2016-02-12T21:37:25.630Z", "tooth": 6, "patient": 2}}, {"model": "odontology.patienttooth", "pk": 39, "fields": {"created_on": "2016-02-12T21:37:25.638Z", "updated_on": "2016-02-12T21:37:25.638Z", "tooth": 7, "patient": 2}}, {"model": "odontology.patienttooth", "pk": 40, "fields": {"created_on": "2016-02-12T21:37:25.646Z", "updated_on": "2016-02-12T21:37:25.646Z", "tooth": 8, "patient": 2}}, {"model": "odontology.patienttooth", "pk": 41, "fields": {"created_on": "2016-02-12T21:37:25.655Z", "updated_on": "2016-02-12T21:37:25.655Z", "tooth": 9, "patient": 2}}, {"model": "odontology.patienttooth", "pk": 42, "fields": {"created_on": "2016-02-12T21:37:25.663Z", "updated_on": "2016-02-12T21:37:25.663Z", "tooth": 10, "patient": 2}}, {"model": "odontology.patienttooth", "pk": 43, "fields": {"created_on": "2016-02-12T21:37:25.671Z", "updated_on": "2016-02-12T21:37:25.671Z", "tooth": 11, "patient": 2}}, {"model": "odontology.patienttooth", "pk": 44, "fields": {"created_on": "2016-02-12T21:37:25.680Z", "updated_on": "2016-02-12T21:37:25.680Z", "tooth": 12, "patient": 2}}, {"model": "odontology.patienttooth", "pk": 45, "fields": {"created_on": "2016-02-12T21:37:25.688Z", "updated_on": "2016-02-12T21:37:25.688Z", "tooth": 13, "patient": 2}}, {"model": "odontology.patienttooth", "pk": 46, "fields": {"created_on": "2016-02-12T21:37:25.747Z", "updated_on": "2016-02-12T21:37:25.747Z", "tooth": 14, "patient": 2}}, {"model": "odontology.patienttooth", "pk": 47, "fields": {"created_on": "2016-02-12T21:37:25.755Z", "updated_on": "2016-02-12T21:37:25.755Z", "tooth": 15, "patient": 2}}, {"model": "odontology.patienttooth", "pk": 48, "fields": {"created_on": "2016-02-12T21:37:25.763Z", "updated_on": "2016-02-12T21:37:25.763Z", "tooth": 16, "patient": 2}}, {"model": "odontology.patienttooth", "pk": 49, "fields": {"created_on": "2016-02-12T21:37:25.771Z", "updated_on": "2016-02-12T21:37:25.771Z", "tooth": 17, "patient": 2}}, {"model": "odontology.patienttooth", "pk": 50, "fields": {"created_on": "2016-02-12T21:37:25.780Z", "updated_on": "2016-02-12T21:37:25.780Z", "tooth": 18, "patient": 2}}, {"model": "odontology.patienttooth", "pk": 51, "fields": {"created_on": "2016-02-12T21:37:25.788Z", "updated_on": "2016-02-12T21:37:25.788Z", "tooth": 19, "patient": 2}}, {"model": "odontology.patienttooth", "pk": 52, "fields": {"created_on": "2016-02-12T21:37:25.796Z", "updated_on": "2016-02-12T21:37:25.796Z", "tooth": 20, "patient": 2}}, {"model": "odontology.patienttooth", "pk": 53, "fields": {"created_on": "2016-02-12T21:37:25.805Z", "updated_on": "2016-02-12T21:37:25.805Z", "tooth": 21, "patient": 2}}, {"model": "odontology.patienttooth", "pk": 54, "fields": {"created_on": "2016-02-12T21:37:25.813Z", "updated_on": "2016-02-12T21:37:25.813Z", "tooth": 22, "patient": 2}}, {"model": "odontology.patienttooth", "pk": 55, "fields": {"created_on": "2016-02-12T21:37:25.821Z", "updated_on": "2016-02-12T21:37:25.821Z", "tooth": 23, "patient": 2}}, {"model": "odontology.patienttooth", "pk": 56, "fields": {"created_on": "2016-02-12T21:37:25.830Z", "updated_on": "2016-02-12T21:37:25.830Z", "tooth": 24, "patient": 2}}, {"model": "odontology.patienttooth", "pk": 57, "fields": {"created_on": "2016-02-12T21:37:25.838Z", "updated_on": "2016-02-12T21:37:25.838Z", "tooth": 25, "patient": 2}}, {"model": "odontology.patienttooth", "pk": 58, "fields": {"created_on": "2016-02-12T21:37:25.846Z", "updated_on": "2016-02-12T21:37:25.846Z", "tooth": 26, "patient": 2}}, {"model": "odontology.patienttooth", "pk": 59, "fields": {"created_on": "2016-02-12T21:37:25.855Z", "updated_on": "2016-02-12T21:37:25.855Z", "tooth": 27, "patient": 2}}, {"model": "odontology.patienttooth", "pk": 60, "fields": {"created_on": "2016-02-12T21:37:25.863Z", "updated_on": "2016-02-12T21:37:25.863Z", "tooth": 28, "patient": 2}}, {"model": "odontology.patienttooth", "pk": 61, "fields": {"created_on": "2016-02-12T21:37:25.871Z", "updated_on": "2016-02-12T21:37:25.871Z", "tooth": 29, "patient": 2}}, {"model": "odontology.patienttooth", "pk": 62, "fields": {"created_on": "2016-02-12T21:37:25.880Z", "updated_on": "2016-02-12T21:37:25.880Z", "tooth": 30, "patient": 2}}, {"model": "odontology.patienttooth", "pk": 63, "fields": {"created_on": "2016-02-12T21:37:25.888Z", "updated_on": "2016-02-12T21:37:25.888Z", "tooth": 31, "patient": 2}}, {"model": "odontology.patienttooth", "pk": 64, "fields": {"created_on": "2016-02-12T21:37:25.896Z", "updated_on": "2016-02-12T21:37:25.896Z", "tooth": 32, "patient": 2}}, {"model": "odontology.patienttooth", "pk": 65, "fields": {"created_on": "2016-02-12T21:37:41.006Z", "updated_on": "2016-02-12T21:37:41.006Z", "tooth": 1, "patient": 3}}, {"model": "odontology.patienttooth", "pk": 66, "fields": {"created_on": "2016-02-12T21:37:41.045Z", "updated_on": "2016-02-12T21:37:41.045Z", "tooth": 2, "patient": 3}}, {"model": "odontology.patienttooth", "pk": 67, "fields": {"created_on": "2016-02-12T21:37:41.071Z", "updated_on": "2016-02-12T21:37:41.071Z", "tooth": 3, "patient": 3}}, {"model": "odontology.patienttooth", "pk": 68, "fields": {"created_on": "2016-02-12T21:37:41.079Z", "updated_on": "2016-02-12T21:37:41.079Z", "tooth": 4, "patient": 3}}, {"model": "odontology.patienttooth", "pk": 69, "fields": {"created_on": "2016-02-12T21:37:41.087Z", "updated_on": "2016-02-12T21:37:41.087Z", "tooth": 5, "patient": 3}}, {"model": "odontology.patienttooth", "pk": 70, "fields": {"created_on": "2016-02-12T21:37:41.096Z", "updated_on": "2016-02-12T21:37:41.096Z", "tooth": 6, "patient": 3}}, {"model": "odontology.patienttooth", "pk": 71, "fields": {"created_on": "2016-02-12T21:37:41.104Z", "updated_on": "2016-02-12T21:37:41.104Z", "tooth": 7, "patient": 3}}, {"model": "odontology.patienttooth", "pk": 72, "fields": {"created_on": "2016-02-12T21:37:41.112Z", "updated_on": "2016-02-12T21:37:41.112Z", "tooth": 8, "patient": 3}}, {"model": "odontology.patienttooth", "pk": 73, "fields": {"created_on": "2016-02-12T21:37:41.121Z", "updated_on": "2016-02-12T21:37:41.121Z", "tooth": 9, "patient": 3}}, {"model": "odontology.patienttooth", "pk": 74, "fields": {"created_on": "2016-02-12T21:37:41.129Z", "updated_on": "2016-02-12T21:37:41.129Z", "tooth": 10, "patient": 3}}, {"model": "odontology.patienttooth", "pk": 75, "fields": {"created_on": "2016-02-12T21:37:41.137Z", "updated_on": "2016-02-12T21:37:41.137Z", "tooth": 11, "patient": 3}}, {"model": "odontology.patienttooth", "pk": 76, "fields": {"created_on": "2016-02-12T21:37:41.146Z", "updated_on": "2016-02-12T21:37:41.146Z", "tooth": 12, "patient": 3}}, {"model": "odontology.patienttooth", "pk": 77, "fields": {"created_on": "2016-02-12T21:37:41.154Z", "updated_on": "2016-02-12T21:37:41.154Z", "tooth": 13, "patient": 3}}, {"model": "odontology.patienttooth", "pk": 78, "fields": {"created_on": "2016-02-12T21:37:41.162Z", "updated_on": "2016-02-12T21:37:41.162Z", "tooth": 14, "patient": 3}}, {"model": "odontology.patienttooth", "pk": 79, "fields": {"created_on": "2016-02-12T21:37:41.171Z", "updated_on": "2016-02-12T21:37:41.171Z", "tooth": 15, "patient": 3}}, {"model": "odontology.patienttooth", "pk": 80, "fields": {"created_on": "2016-02-12T21:37:41.179Z", "updated_on": "2016-02-12T21:37:41.179Z", "tooth": 16, "patient": 3}}, {"model": "odontology.patienttooth", "pk": 81, "fields": {"created_on": "2016-02-12T21:37:41.187Z", "updated_on": "2016-02-12T21:37:41.187Z", "tooth": 17, "patient": 3}}, {"model": "odontology.patienttooth", "pk": 82, "fields": {"created_on": "2016-02-12T21:37:41.196Z", "updated_on": "2016-02-12T21:37:41.196Z", "tooth": 18, "patient": 3}}, {"model": "odontology.patienttooth", "pk": 83, "fields": {"created_on": "2016-02-12T21:37:41.204Z", "updated_on": "2016-02-12T21:37:41.204Z", "tooth": 19, "patient": 3}}, {"model": "odontology.patienttooth", "pk": 84, "fields": {"created_on": "2016-02-12T21:37:41.212Z", "updated_on": "2016-02-12T21:37:41.212Z", "tooth": 20, "patient": 3}}, {"model": "odontology.patienttooth", "pk": 85, "fields": {"created_on": "2016-02-12T21:37:41.221Z", "updated_on": "2016-02-12T21:37:41.221Z", "tooth": 21, "patient": 3}}, {"model": "odontology.patienttooth", "pk": 86, "fields": {"created_on": "2016-02-12T21:37:41.229Z", "updated_on": "2016-02-12T21:37:41.229Z", "tooth": 22, "patient": 3}}, {"model": "odontology.patienttooth", "pk": 87, "fields": {"created_on": "2016-02-12T21:37:41.237Z", "updated_on": "2016-02-12T21:37:41.237Z", "tooth": 23, "patient": 3}}, {"model": "odontology.patienttooth", "pk": 88, "fields": {"created_on": "2016-02-12T21:37:41.246Z", "updated_on": "2016-02-12T21:37:41.246Z", "tooth": 24, "patient": 3}}, {"model": "odontology.patienttooth", "pk": 89, "fields": {"created_on": "2016-02-12T21:37:41.254Z", "updated_on": "2016-02-12T21:37:41.254Z", "tooth": 25, "patient": 3}}, {"model": "odontology.patienttooth", "pk": 90, "fields": {"created_on": "2016-02-12T21:37:41.262Z", "updated_on": "2016-02-12T21:37:41.262Z", "tooth": 26, "patient": 3}}, {"model": "odontology.patienttooth", "pk": 91, "fields": {"created_on": "2016-02-12T21:37:41.271Z", "updated_on": "2016-02-12T21:37:41.271Z", "tooth": 27, "patient": 3}}, {"model": "odontology.patienttooth", "pk": 92, "fields": {"created_on": "2016-02-12T21:37:41.279Z", "updated_on": "2016-02-12T21:37:41.279Z", "tooth": 28, "patient": 3}}, {"model": "odontology.patienttooth", "pk": 93, "fields": {"created_on": "2016-02-12T21:37:41.287Z", "updated_on": "2016-02-12T21:37:41.288Z", "tooth": 29, "patient": 3}}, {"model": "odontology.patienttooth", "pk": 94, "fields": {"created_on": "2016-02-12T21:37:41.296Z", "updated_on": "2016-02-12T21:37:41.296Z", "tooth": 30, "patient": 3}}, {"model": "odontology.patienttooth", "pk": 95, "fields": {"created_on": "2016-02-12T21:37:41.304Z", "updated_on": "2016-02-12T21:37:41.304Z", "tooth": 31, "patient": 3}}, {"model": "odontology.patienttooth", "pk": 96, "fields": {"created_on": "2016-02-12T21:37:41.312Z", "updated_on": "2016-02-12T21:37:41.313Z", "tooth": 32, "patient": 3}}, {"model": "odontology.patienttooth", "pk": 97, "fields": {"created_on": "2016-02-12T21:38:36.297Z", "updated_on": "2016-02-12T21:38:36.297Z", "tooth": 1, "patient": 4}}, {"model": "odontology.patienttooth", "pk": 98, "fields": {"created_on": "2016-02-12T21:38:36.341Z", "updated_on": "2016-02-12T21:38:36.341Z", "tooth": 2, "patient": 4}}, {"model": "odontology.patienttooth", "pk": 99, "fields": {"created_on": "2016-02-12T21:38:36.369Z", "updated_on": "2016-02-12T21:38:36.369Z", "tooth": 3, "patient": 4}}, {"model": "odontology.patienttooth", "pk": 100, "fields": {"created_on": "2016-02-12T21:38:36.377Z", "updated_on": "2016-02-12T21:38:36.377Z", "tooth": 4, "patient": 4}}, {"model": "odontology.patienttooth", "pk": 101, "fields": {"created_on": "2016-02-12T21:38:36.386Z", "updated_on": "2016-02-12T21:38:36.386Z", "tooth": 5, "patient": 4}}, {"model": "odontology.patienttooth", "pk": 102, "fields": {"created_on": "2016-02-12T21:38:36.394Z", "updated_on": "2016-02-12T21:38:36.394Z", "tooth": 6, "patient": 4}}, {"model": "odontology.patienttooth", "pk": 103, "fields": {"created_on": "2016-02-12T21:38:36.402Z", "updated_on": "2016-02-12T21:38:36.402Z", "tooth": 7, "patient": 4}}, {"model": "odontology.patienttooth", "pk": 104, "fields": {"created_on": "2016-02-12T21:38:36.410Z", "updated_on": "2016-02-12T21:38:36.410Z", "tooth": 8, "patient": 4}}, {"model": "odontology.patienttooth", "pk": 105, "fields": {"created_on": "2016-02-12T21:38:36.419Z", "updated_on": "2016-02-12T21:38:36.419Z", "tooth": 9, "patient": 4}}, {"model": "odontology.patienttooth", "pk": 106, "fields": {"created_on": "2016-02-12T21:38:36.427Z", "updated_on": "2016-02-12T21:38:36.427Z", "tooth": 10, "patient": 4}}, {"model": "odontology.patienttooth", "pk": 107, "fields": {"created_on": "2016-02-12T21:38:36.436Z", "updated_on": "2016-02-12T21:38:36.436Z", "tooth": 11, "patient": 4}}, {"model": "odontology.patienttooth", "pk": 108, "fields": {"created_on": "2016-02-12T21:38:36.444Z", "updated_on": "2016-02-12T21:38:36.444Z", "tooth": 12, "patient": 4}}, {"model": "odontology.patienttooth", "pk": 109, "fields": {"created_on": "2016-02-12T21:38:36.452Z", "updated_on": "2016-02-12T21:38:36.452Z", "tooth": 13, "patient": 4}}, {"model": "odontology.patienttooth", "pk": 110, "fields": {"created_on": "2016-02-12T21:38:36.461Z", "updated_on": "2016-02-12T21:38:36.461Z", "tooth": 14, "patient": 4}}, {"model": "odontology.patienttooth", "pk": 111, "fields": {"created_on": "2016-02-12T21:38:36.469Z", "updated_on": "2016-02-12T21:38:36.469Z", "tooth": 15, "patient": 4}}, {"model": "odontology.patienttooth", "pk": 112, "fields": {"created_on": "2016-02-12T21:38:36.477Z", "updated_on": "2016-02-12T21:38:36.477Z", "tooth": 16, "patient": 4}}, {"model": "odontology.patienttooth", "pk": 113, "fields": {"created_on": "2016-02-12T21:38:36.486Z", "updated_on": "2016-02-12T21:38:36.486Z", "tooth": 17, "patient": 4}}, {"model": "odontology.patienttooth", "pk": 114, "fields": {"created_on": "2016-02-12T21:38:36.494Z", "updated_on": "2016-02-12T21:38:36.494Z", "tooth": 18, "patient": 4}}, {"model": "odontology.patienttooth", "pk": 115, "fields": {"created_on": "2016-02-12T21:38:36.502Z", "updated_on": "2016-02-12T21:38:36.502Z", "tooth": 19, "patient": 4}}, {"model": "odontology.patienttooth", "pk": 116, "fields": {"created_on": "2016-02-12T21:38:36.511Z", "updated_on": "2016-02-12T21:38:36.511Z", "tooth": 20, "patient": 4}}, {"model": "odontology.patienttooth", "pk": 117, "fields": {"created_on": "2016-02-12T21:38:36.519Z", "updated_on": "2016-02-12T21:38:36.519Z", "tooth": 21, "patient": 4}}, {"model": "odontology.patienttooth", "pk": 118, "fields": {"created_on": "2016-02-12T21:38:36.527Z", "updated_on": "2016-02-12T21:38:36.527Z", "tooth": 22, "patient": 4}}, {"model": "odontology.patienttooth", "pk": 119, "fields": {"created_on": "2016-02-12T21:38:36.535Z", "updated_on": "2016-02-12T21:38:36.536Z", "tooth": 23, "patient": 4}}, {"model": "odontology.patienttooth", "pk": 120, "fields": {"created_on": "2016-02-12T21:38:36.544Z", "updated_on": "2016-02-12T21:38:36.544Z", "tooth": 24, "patient": 4}}, {"model": "odontology.patienttooth", "pk": 121, "fields": {"created_on": "2016-02-12T21:38:36.552Z", "updated_on": "2016-02-12T21:38:36.552Z", "tooth": 25, "patient": 4}}, {"model": "odontology.patienttooth", "pk": 122, "fields": {"created_on": "2016-02-12T21:38:36.560Z", "updated_on": "2016-02-12T21:38:36.561Z", "tooth": 26, "patient": 4}}, {"model": "odontology.patienttooth", "pk": 123, "fields": {"created_on": "2016-02-12T21:38:36.569Z", "updated_on": "2016-02-12T21:38:36.569Z", "tooth": 27, "patient": 4}}, {"model": "odontology.patienttooth", "pk": 124, "fields": {"created_on": "2016-02-12T21:38:36.577Z", "updated_on": "2016-02-12T21:38:36.577Z", "tooth": 28, "patient": 4}}, {"model": "odontology.patienttooth", "pk": 125, "fields": {"created_on": "2016-02-12T21:38:36.586Z", "updated_on": "2016-02-12T21:38:36.586Z", "tooth": 29, "patient": 4}}, {"model": "odontology.patienttooth", "pk": 126, "fields": {"created_on": "2016-02-12T21:38:36.594Z", "updated_on": "2016-02-12T21:38:36.594Z", "tooth": 30, "patient": 4}}, {"model": "odontology.patienttooth", "pk": 127, "fields": {"created_on": "2016-02-12T21:38:36.602Z", "updated_on": "2016-02-12T21:38:36.602Z", "tooth": 31, "patient": 4}}, {"model": "odontology.patienttooth", "pk": 128, "fields": {"created_on": "2016-02-12T21:38:36.611Z", "updated_on": "2016-02-12T21:38:36.611Z", "tooth": 32, "patient": 4}}, {"model": "odontology.patienttooth", "pk": 129, "fields": {"created_on": "2016-02-12T21:39:36.553Z", "updated_on": "2016-02-12T21:39:36.553Z", "tooth": 1, "patient": 5}}, {"model": "odontology.patienttooth", "pk": 130, "fields": {"created_on": "2016-02-12T21:39:36.593Z", "updated_on": "2016-02-12T21:39:36.593Z", "tooth": 2, "patient": 5}}, {"model": "odontology.patienttooth", "pk": 131, "fields": {"created_on": "2016-02-12T21:39:36.617Z", "updated_on": "2016-02-12T21:39:36.617Z", "tooth": 3, "patient": 5}}, {"model": "odontology.patienttooth", "pk": 132, "fields": {"created_on": "2016-02-12T21:39:36.625Z", "updated_on": "2016-02-12T21:39:36.625Z", "tooth": 4, "patient": 5}}, {"model": "odontology.patienttooth", "pk": 133, "fields": {"created_on": "2016-02-12T21:39:36.633Z", "updated_on": "2016-02-12T21:39:36.633Z", "tooth": 5, "patient": 5}}, {"model": "odontology.patienttooth", "pk": 134, "fields": {"created_on": "2016-02-12T21:39:36.642Z", "updated_on": "2016-02-12T21:39:36.642Z", "tooth": 6, "patient": 5}}, {"model": "odontology.patienttooth", "pk": 135, "fields": {"created_on": "2016-02-12T21:39:36.650Z", "updated_on": "2016-02-12T21:39:36.650Z", "tooth": 7, "patient": 5}}, {"model": "odontology.patienttooth", "pk": 136, "fields": {"created_on": "2016-02-12T21:39:36.658Z", "updated_on": "2016-02-12T21:39:36.658Z", "tooth": 8, "patient": 5}}, {"model": "odontology.patienttooth", "pk": 137, "fields": {"created_on": "2016-02-12T21:39:36.667Z", "updated_on": "2016-02-12T21:39:36.667Z", "tooth": 9, "patient": 5}}, {"model": "odontology.patienttooth", "pk": 138, "fields": {"created_on": "2016-02-12T21:39:36.675Z", "updated_on": "2016-02-12T21:39:36.675Z", "tooth": 10, "patient": 5}}, {"model": "odontology.patienttooth", "pk": 139, "fields": {"created_on": "2016-02-12T21:39:36.683Z", "updated_on": "2016-02-12T21:39:36.683Z", "tooth": 11, "patient": 5}}, {"model": "odontology.patienttooth", "pk": 140, "fields": {"created_on": "2016-02-12T21:39:36.692Z", "updated_on": "2016-02-12T21:39:36.692Z", "tooth": 12, "patient": 5}}, {"model": "odontology.patienttooth", "pk": 141, "fields": {"created_on": "2016-02-12T21:39:36.700Z", "updated_on": "2016-02-12T21:39:36.700Z", "tooth": 13, "patient": 5}}, {"model": "odontology.patienttooth", "pk": 142, "fields": {"created_on": "2016-02-12T21:39:36.708Z", "updated_on": "2016-02-12T21:39:36.708Z", "tooth": 14, "patient": 5}}, {"model": "odontology.patienttooth", "pk": 143, "fields": {"created_on": "2016-02-12T21:39:36.717Z", "updated_on": "2016-02-12T21:39:36.717Z", "tooth": 15, "patient": 5}}, {"model": "odontology.patienttooth", "pk": 144, "fields": {"created_on": "2016-02-12T21:39:36.725Z", "updated_on": "2016-02-12T21:39:36.725Z", "tooth": 16, "patient": 5}}, {"model": "odontology.patienttooth", "pk": 145, "fields": {"created_on": "2016-02-12T21:39:36.733Z", "updated_on": "2016-02-12T21:39:36.733Z", "tooth": 17, "patient": 5}}, {"model": "odontology.patienttooth", "pk": 146, "fields": {"created_on": "2016-02-12T21:39:36.742Z", "updated_on": "2016-02-12T21:39:36.742Z", "tooth": 18, "patient": 5}}, {"model": "odontology.patienttooth", "pk": 147, "fields": {"created_on": "2016-02-12T21:39:36.750Z", "updated_on": "2016-02-12T21:39:36.750Z", "tooth": 19, "patient": 5}}, {"model": "odontology.patienttooth", "pk": 148, "fields": {"created_on": "2016-02-12T21:39:36.758Z", "updated_on": "2016-02-12T21:39:36.758Z", "tooth": 20, "patient": 5}}, {"model": "odontology.patienttooth", "pk": 149, "fields": {"created_on": "2016-02-12T21:39:36.767Z", "updated_on": "2016-02-12T21:39:36.767Z", "tooth": 21, "patient": 5}}, {"model": "odontology.patienttooth", "pk": 150, "fields": {"created_on": "2016-02-12T21:39:36.775Z", "updated_on": "2016-02-12T21:39:36.775Z", "tooth": 22, "patient": 5}}, {"model": "odontology.patienttooth", "pk": 151, "fields": {"created_on": "2016-02-12T21:39:36.783Z", "updated_on": "2016-02-12T21:39:36.783Z", "tooth": 23, "patient": 5}}, {"model": "odontology.patienttooth", "pk": 152, "fields": {"created_on": "2016-02-12T21:39:36.792Z", "updated_on": "2016-02-12T21:39:36.792Z", "tooth": 24, "patient": 5}}, {"model": "odontology.patienttooth", "pk": 153, "fields": {"created_on": "2016-02-12T21:39:36.800Z", "updated_on": "2016-02-12T21:39:36.800Z", "tooth": 25, "patient": 5}}, {"model": "odontology.patienttooth", "pk": 154, "fields": {"created_on": "2016-02-12T21:39:36.808Z", "updated_on": "2016-02-12T21:39:36.808Z", "tooth": 26, "patient": 5}}, {"model": "odontology.patienttooth", "pk": 155, "fields": {"created_on": "2016-02-12T21:39:36.817Z", "updated_on": "2016-02-12T21:39:36.817Z", "tooth": 27, "patient": 5}}, {"model": "odontology.patienttooth", "pk": 156, "fields": {"created_on": "2016-02-12T21:39:36.825Z", "updated_on": "2016-02-12T21:39:36.825Z", "tooth": 28, "patient": 5}}, {"model": "odontology.patienttooth", "pk": 157, "fields": {"created_on": "2016-02-12T21:39:36.833Z", "updated_on": "2016-02-12T21:39:36.833Z", "tooth": 29, "patient": 5}}, {"model": "odontology.patienttooth", "pk": 158, "fields": {"created_on": "2016-02-12T21:39:36.842Z", "updated_on": "2016-02-12T21:39:36.842Z", "tooth": 30, "patient": 5}}, {"model": "odontology.patienttooth", "pk": 159, "fields": {"created_on": "2016-02-12T21:39:36.850Z", "updated_on": "2016-02-12T21:39:36.850Z", "tooth": 31, "patient": 5}}, {"model": "odontology.patienttooth", "pk": 160, "fields": {"created_on": "2016-02-12T21:39:36.858Z", "updated_on": "2016-02-12T21:39:36.858Z", "tooth": 32, "patient": 5}}, {"model": "odontology.proceduredental", "pk": 1, "fields": {"created_on": "2016-01-28T20:52:58.717Z", "updated_on": "2016-01-28T20:52:58.717Z", "name": "Restaurado", "description": "Restaurado"}}, {"model": "odontology.proceduredental", "pk": 2, "fields": {"created_on": "2016-01-28T20:53:12.066Z", "updated_on": "2016-01-28T20:53:12.066Z", "name": "Cariado", "description": "Cariado"}}, {"model": "odontology.proceduredental", "pk": 3, "fields": {"created_on": "2016-01-28T20:53:12.066Z", "updated_on": "2016-01-28T20:53:12.066Z", "name": "Restaura\u00e7\u00e3o a ser feita", "description": "Restaura\u00e7\u00e3o a ser feita"}}, {"model": "odontology.proceduredental", "pk": 4, "fields": {"created_on": "2016-01-28T20:53:12.066Z", "updated_on": "2016-01-28T20:53:12.066Z", "name": "Indicado para extra\u00e7\u00e3o", "description": "Indicado para extra\u00e7\u00e3o"}}, {"model": "odontology.proceduredental", "pk": 5, "fields": {"created_on": "2016-01-28T20:53:12.066Z", "updated_on": "2016-01-28T20:53:12.066Z", "name": "Extra\u00eddo ou ausente", "description": "Extra\u00eddo ou ausente"}}, {"model": "odontology.oralprocedure", "pk": 1, "fields": {"created_on": "2016-01-28T20:53:46.933Z", "updated_on": "2016-01-28T20:53:46.933Z", "name": "Raspagem", "description": "Raspagem"}}, {"model": "odontology.oralprocedure", "pk": 2, "fields": {"created_on": "2016-01-28T20:53:59.713Z", "updated_on": "2016-01-28T20:53:59.713Z", "name": "Limpeza", "description": "Limpeza"}}, {"model": "odontology.oralprocedure", "pk": 3, "fields": {"created_on": "2016-01-28T20:54:16.756Z", "updated_on": "2016-01-28T20:54:16.756Z", "name": "Banho de Fluor", "description": "Banho de Fluor"}}, {"model": "auth.permission", "pk": 1, "fields": {"name": "Can add log entry", "content_type": 1, "codename": "add_logentry"}}, {"model": "auth.permission", "pk": 2, "fields": {"name": "Can change log entry", "content_type": 1, "codename": "change_logentry"}}, {"model": "auth.permission", "pk": 3, "fields": {"name": "Can delete log entry", "content_type": 1, "codename": "delete_logentry"}}, {"model": "auth.permission", "pk": 4, "fields": {"name": "Can add permission", "content_type": 2, "codename": "add_permission"}}, {"model": "auth.permission", "pk": 5, "fields": {"name": "Can change permission", "content_type": 2, "codename": "change_permission"}}, {"model": "auth.permission", "pk": 6, "fields": {"name": "Can delete permission", "content_type": 2, "codename": "delete_permission"}}, {"model": "auth.permission", "pk": 7, "fields": {"name": "Can add group", "content_type": 3, "codename": "add_group"}}, {"model": "auth.permission", "pk": 8, "fields": {"name": "Can change group", "content_type": 3, "codename": "change_group"}}, {"model": "auth.permission", "pk": 9, "fields": {"name": "Can delete group", "content_type": 3, "codename": "delete_group"}}, {"model": "auth.permission", "pk": 10, "fields": {"name": "Can add user", "content_type": 4, "codename": "add_user"}}, {"model": "auth.permission", "pk": 11, "fields": {"name": "Can change user", "content_type": 4, "codename": "change_user"}}, {"model": "auth.permission", "pk": 12, "fields": {"name": "Can delete user", "content_type": 4, "codename": "delete_user"}}, {"model": "auth.permission", "pk": 13, "fields": {"name": "Can add content type", "content_type": 5, "codename": "add_contenttype"}}, {"model": "auth.permission", "pk": 14, "fields": {"name": "Can change content type", "content_type": 5, "codename": "change_contenttype"}}, {"model": "auth.permission", "pk": 15, "fields": {"name": "Can delete content type", "content_type": 5, "codename": "delete_contenttype"}}, {"model": "auth.permission", "pk": 16, "fields": {"name": "Can add session", "content_type": 6, "codename": "add_session"}}, {"model": "auth.permission", "pk": 17, "fields": {"name": "Can change session", "content_type": 6, "codename": "change_session"}}, {"model": "auth.permission", "pk": 18, "fields": {"name": "Can delete session", "content_type": 6, "codename": "delete_session"}}, {"model": "auth.permission", "pk": 19, "fields": {"name": "Can add user", "content_type": 7, "codename": "add_dentist"}}, {"model": "auth.permission", "pk": 20, "fields": {"name": "Can change user", "content_type": 7, "codename": "change_dentist"}}, {"model": "auth.permission", "pk": 21, "fields": {"name": "Can delete user", "content_type": 7, "codename": "delete_dentist"}}, {"model": "auth.permission", "pk": 22, "fields": {"name": "Can add course", "content_type": 8, "codename": "add_course"}}, {"model": "auth.permission", "pk": 23, "fields": {"name": "Can change course", "content_type": 8, "codename": "change_course"}}, {"model": "auth.permission", "pk": 24, "fields": {"name": "Can delete course", "content_type": 8, "codename": "delete_course"}}, {"model": "auth.permission", "pk": 25, "fields": {"name": "Can add tooth", "content_type": 9, "codename": "add_tooth"}}, {"model": "auth.permission", "pk": 26, "fields": {"name": "Can change tooth", "content_type": 9, "codename": "change_tooth"}}, {"model": "auth.permission", "pk": 27, "fields": {"name": "Can delete tooth", "content_type": 9, "codename": "delete_tooth"}}, {"model": "auth.permission", "pk": 28, "fields": {"name": "Can add tooth division", "content_type": 10, "codename": "add_toothdivision"}}, {"model": "auth.permission", "pk": 29, "fields": {"name": "Can change tooth division", "content_type": 10, "codename": "change_toothdivision"}}, {"model": "auth.permission", "pk": 30, "fields": {"name": "Can delete tooth division", "content_type": 10, "codename": "delete_toothdivision"}}, {"model": "auth.permission", "pk": 31, "fields": {"name": "Can add patient", "content_type": 11, "codename": "add_patient"}}, {"model": "auth.permission", "pk": 32, "fields": {"name": "Can change patient", "content_type": 11, "codename": "change_patient"}}, {"model": "auth.permission", "pk": 33, "fields": {"name": "Can delete patient", "content_type": 11, "codename": "delete_patient"}}, {"model": "auth.permission", "pk": 34, "fields": {"name": "Can add address", "content_type": 12, "codename": "add_address"}}, {"model": "auth.permission", "pk": 35, "fields": {"name": "Can change address", "content_type": 12, "codename": "change_address"}}, {"model": "auth.permission", "pk": 36, "fields": {"name": "Can delete address", "content_type": 12, "codename": "delete_address"}}, {"model": "auth.permission", "pk": 37, "fields": {"name": "Can add patient tooth", "content_type": 13, "codename": "add_patienttooth"}}, {"model": "auth.permission", "pk": 38, "fields": {"name": "Can change patient tooth", "content_type": 13, "codename": "change_patienttooth"}}, {"model": "auth.permission", "pk": 39, "fields": {"name": "Can delete patient tooth", "content_type": 13, "codename": "delete_patienttooth"}}, {"model": "auth.permission", "pk": 40, "fields": {"name": "Can add procedure dental", "content_type": 14, "codename": "add_proceduredental"}}, {"model": "auth.permission", "pk": 41, "fields": {"name": "Can change procedure dental", "content_type": 14, "codename": "change_proceduredental"}}, {"model": "auth.permission", "pk": 42, "fields": {"name": "Can delete procedure dental", "content_type": 14, "codename": "delete_proceduredental"}}, {"model": "auth.permission", "pk": 43, "fields": {"name": "Can add oral procedure", "content_type": 15, "codename": "add_oralprocedure"}}, {"model": "auth.permission", "pk": 44, "fields": {"name": "Can change oral procedure", "content_type": 15, "codename": "change_oralprocedure"}}, {"model": "auth.permission", "pk": 45, "fields": {"name": "Can delete oral procedure", "content_type": 15, "codename": "delete_oralprocedure"}}, {"model": "auth.permission", "pk": 46, "fields": {"name": "Can add patient dental procedure", "content_type": 16, "codename": "add_patientdentalprocedure"}}, {"model": "auth.permission", "pk": 47, "fields": {"name": "Can change patient dental procedure", "content_type": 16, "codename": "change_patientdentalprocedure"}}, {"model": "auth.permission", "pk": 48, "fields": {"name": "Can delete patient dental procedure", "content_type": 16, "codename": "delete_patientdentalprocedure"}}, {"model": "auth.permission", "pk": 49, "fields": {"name": "Can add oral patient procedure", "content_type": 17, "codename": "add_oralpatientprocedure"}}, {"model": "auth.permission", "pk": 50, "fields": {"name": "Can change oral patient procedure", "content_type": 17, "codename": "change_oralpatientprocedure"}}, {"model": "auth.permission", "pk": 51, "fields": {"name": "Can delete oral patient procedure", "content_type": 17, "codename": "delete_oralpatientprocedure"}}, {"model": "auth.user", "pk": 1, "fields": {"password": "pbkdf2_sha256$24000$JCDyIe1QIOEJ$/EacqI6I7pAz9R8L+9RB/KV+RzR7r9Ayicb6eCaxug4=", "last_login": "2016-02-12T21:40:17Z", "is_superuser": true, "username": "nonato", "first_name": "Nonato", "last_name": "Sales", "email": "nrdesales@hotmail.com", "is_staff": true, "is_active": true, "date_joined": "2016-02-12T21:33:37Z", "groups": [], "user_permissions": []}}, {"model": "auth.user", "pk": 2, "fields": {"password": "pbkdf2_sha256$24000$OHDdxC4vW0yC$VBKiRStmbqMBp9JMxZFIt1cLcTJ8XmZ4sAuOiNK/UNE=", "last_login": "2016-02-12T21:41:02.414Z", "is_superuser": false, "username": "anavirginha", "first_name": "Ana Virginha", "last_name": "Nogueiro", "email": "annaviriginha@gmail.com", "is_staff": false, "is_active": true, "date_joined": "2016-02-12T21:36:10.739Z", "groups": [], "user_permissions": []}}, {"model": "odontology.dentist", "pk": 2, "fields": {"created_on": "2016-02-12T21:36:10.775Z", "updated_on": "2016-02-12T21:36:10.775Z", "sex": "F", "marital_status": "CASADO", "birth_date": "1989-02-25", "cro": "1850PI", "phone": "(89)34225214", "groups": [], "user_permissions": []}}, {"model": "odontology.patientdentalprocedure", "pk": 5, "fields": {"created_on": "2016-02-12T21:42:54.889Z", "updated_on": "2016-02-12T21:42:54.889Z", "patient_tooth": 7, "tooth_division": 4, "procedure_dental": 1, "dentist": 2}}, {"model": "odontology.patientdentalprocedure", "pk": 9, "fields": {"created_on": "2016-02-15T17:55:47.091Z", "updated_on": "2016-02-15T19:10:20.414Z", "patient_tooth": 1, "tooth_division": 3, "procedure_dental": 1, "dentist": 2}}, {"model": "odontology.patientdentalprocedure", "pk": 10, "fields": {"created_on": "2016-02-15T17:56:53.907Z", "updated_on": "2016-02-15T17:56:53.907Z", "patient_tooth": 2, "tooth_division": 4, "procedure_dental": 2, "dentist": 2}}, {"model": "odontology.patientdentalprocedure", "pk": 11, "fields": {"created_on": "2016-02-15T18:21:08.729Z", "updated_on": "2016-02-15T18:21:08.730Z", "patient_tooth": 33, "tooth_division": 2, "procedure_dental": 2, "dentist": 2}}, {"model": "odontology.patientdentalprocedure", "pk": 12, "fields": {"created_on": "2016-02-15T18:22:31.701Z", "updated_on": "2016-02-15T18:22:31.701Z", "patient_tooth": 81, "tooth_division": 4, "procedure_dental": 3, "dentist": 2}}, {"model": "odontology.patientdentalprocedure", "pk": 13, "fields": {"created_on": "2016-02-15T18:27:21.315Z", "updated_on": "2016-02-15T18:27:21.315Z", "patient_tooth": 73, "tooth_division": 2, "procedure_dental": 1, "dentist": 2}}, {"model": "odontology.patientdentalprocedure", "pk": 14, "fields": {"created_on": "2016-02-15T18:30:07.251Z", "updated_on": "2016-02-15T18:30:07.251Z", "patient_tooth": 46, "tooth_division": 4, "procedure_dental": 1, "dentist": 2}}, {"model": "odontology.patientdentalprocedure", "pk": 15, "fields": {"created_on": "2016-02-15T18:30:27.219Z", "updated_on": "2016-02-15T18:30:27.219Z", "patient_tooth": 144, "tooth_division": 3, "procedure_dental": 3, "dentist": 2}}, {"model": "odontology.patientdentalprocedure", "pk": 16, "fields": {"created_on": "2016-02-15T18:30:40.628Z", "updated_on": "2016-02-15T18:30:40.628Z", "patient_tooth": 125, "tooth_division": 5, "procedure_dental": 1, "dentist": 2}}, {"model": "odontology.patientdentalprocedure", "pk": 17, "fields": {"created_on": "2016-02-15T19:10:33.720Z", "updated_on": "2016-02-15T19:10:33.720Z", "patient_tooth": 31, "tooth_division": 5, "procedure_dental": 3, "dentist": 2}}, {"model": "odontology.patientdentalprocedure", "pk": 18, "fields": {"created_on": "2016-02-15T19:11:11.264Z", "updated_on": "2016-02-15T19:11:11.264Z", "patient_tooth": 37, "tooth_division": 3, "procedure_dental": 3, "dentist": 2}}, {"model": "odontology.patientdentalprocedure", "pk": 19, "fields": {"created_on": "2016-02-15T19:14:51.120Z", "updated_on": "2016-02-15T19:14:51.120Z", "patient_tooth": 52, "tooth_division": 6, "procedure_dental": 4, "dentist": 2}}, {"model": "admin.logentry", "pk": 1, "fields": {"action_time": "2016-02-12T21:40:36.057Z", "user": 1, "content_type": 4, "object_id": "1", "object_repr": "nonato", "action_flag": 2, "change_message": "Modificado first_name e last_name."}}]